par,tipo,cena,banda,grupo,ganho,dn_p2,dn_p50,dn_p98,rad_p2,rad_p50,rad_p98,fisico_p2,fisico_p50,fisico_p98,atual_p2,atual_p50,atual_p98,so_int16_p2,so_int16_p50,so_int16_p98,corrigido_p2,corrigido_p50,corrigido_p98,sat_dn_%,corte_atual_%,corte_so_int16_%,corte_corrigido_%
2003,bom,20030914131811,B01,VNIR,HGH,74.0,97.06713255048561,255.0,49.34799999999995,64.55467140082781,171.66077781963546,0.09641839431476908,0.1261298889921659,0.33539873073261783,1443.3608150267125,1891.9729602376763,4973.7433490782205,1443.3608150267125,1891.9729602376763,4973.7433490782205,964.1839431476958,1267.9679252353276,3354.831802185165,2.6895662251760406,0.0,0.0,0
2003,bom,20030914131811,B02,VNIR,HGH,55.999999999999986,86.08235236673595,243.0,38.63125617741288,60.531911064078415,171.3359999999998,0.09076885038608402,0.14027913241485968,0.39938294169877087,1303.1120690374155,2001.2078203074632,5654.575585287361,1303.1120690374155,2001.2078203074632,5654.575585287361,907.6885038608445,1402.7913241485808,3993.829416987711,1.519143539701999,0.0,0.0,0
2003,bom,20030914131811,B3N,VNIR,NOR,57.00000000000001,83.06690453288259,156.0,48.27200000000016,70.68400000000074,133.61000000000013,0.1579413412105487,0.22910165841497943,0.43158452134652925,1844.3138290510476,2685.5797861620135,5047.595742666034,1844.3138290510476,2685.5797861620135,5047.595742666034,1551.66379703854,2291.016584149811,4330.580128575841,0.0058451939450634175,0.0,0.0,0
2003,bom,20030914131811,B04,SWIR,NOR,58.0,91.01364998817722,134.0,12.3918,19.56599999999981,28.91420000000006,0.19850561199332434,0.3134299136736636,0.46317976131775696,9275.113647678718,14552.333481702899,21428.710841188717,9275.113647678718,14552.333481702899,21428.710841188717,1985.056119933245,3134.299136736709,4631.79761317756,0.0,9.151217670712791e-05,9.151217670712791e-05,0
2003,bom,20030914131811,B05,SWIR,NOR,44.0,67.0,117.0,2.961628612150115,4.557865659272939,8.038157690487438,0.12343962346890644,0.19289234922787157,0.33793248799488784,18307.52011372539,27877.360173172994,48886.14012738074,18307.52011372539,27877.360173172994,48886.14012738074,1234.3962346890582,1914.596084196737,3365.047663133693,9.150853378980422e-05,25.899766540198886,25.899766540198886,0
2003,bom,20030914131811,B06,SWIR,NOR,44.031259449955705,71.10059770312296,129.0,2.6875,4.376705191254735,8.0,0.11855560599757924,0.19299749813559064,0.3529097108765166,19376.670341503126,31484.802888079004,56585.805863178524,19376.670341503126,31484.802888079004,56585.805863178524,1200.4722660060918,1929.9749813559647,3529.097108765158,0.0,43.2356924569044,43.2356924569044,0
2003,bom,20030914131811,B07,SWIR,NOR,40.00951778343083,65.04202752182235,120.0,2.3282999999999947,3.8208000000000437,7.104299999999989,0.11098222707130811,0.18573490732744283,0.3427060674140216,19262.530727540478,31301.61243225374,57787.5921826213,19262.530727540478,31301.61243225374,57787.5921826213,1138.945297783639,1843.1250684451647,3440.4990134741306,9.156591196581758e-05,41.24810212591056,41.24810212591056,0
2003,bom,20030914131811,B08,SWIR,NOR,36.0,60.0,126.0,1.4594999999999994,2.4603000000000033,5.212499999999996,0.08050416588909652,0.13472804020477303,0.2830623061573234,19814.482955568506,32252.022261641876,68031.92099973549,19814.482955568506,32252.022261641876,68031.92099973549,782.2143183937721,1324.5800785044537,2830.6230615732347,9.152316041489367e-05,48.19855232541131,48.19855232541131,0
2003,bom,20030914131811,B09,SWIR,NOR,34.0,50.0,115.0,1.0365016861733798,1.5421392549467101,3.6415606223175967,0.06330954768401013,0.09400508595504375,0.2187057101811242,20232.418377001453,30409.15359492396,68942.82426403661,20232.418377001453,30409.15359492396,68942.82426403661,625.3140168224635,949.4914227751622,2196.9273476541616,9.151466580119872e-05,37.15242420393806,37.15242420393806,0
2003,bom,20030914131811,B10,TIR,NOR,811.5526167698368,1363.5533820196977,1523.3446447507954,5.5463344259094844,9.298461976079107,10.389540800096476,275.13688675221425,299.62241034476796,305.35880416765264,8158974.518334369,13665378.706837663,15234570.681681078,8158.974518334369,13665.378706837662,15263.767214571302,2751.0861920678217,2996.970157829307,3054.978763060896,0.0,100.0,0.0,0
2003,bom,20030914131811,B11,TIR,NOR,891.7423935091277,1507.5492139203302,1699.3421377323098,6.0318032137118385,10.21792503664189,11.531381878742515,276.87153600429957,303.1129182488386,309.8748396971977,8943746.72489083,15105091.299851235,17003889.038513333,8926.02233676976,15070.380920674646,16988.57583376405,2770.0081408622987,3030.0250526981577,3097.792898941894,0.0,100.0,0.0,0
2003,bom,20030914131811,B12,TIR,NOR,979.35594639866,1635.5065432934712,1835.3279706762396,6.468909818417639,10.781531105697601,12.091353277278651,277.85654720007005,305.10882547603524,312.1268713049917,9799516.765285997,16350038.091673883,18384801.203047574,9758.481012658227,16350.038091673883,18399.131770261796,2777.759248944725,3050.0169741367267,3122.0156845412666,0.0,100.0,0.0,0
2003,bom,20030914131811,B13,TIR,NOR,1203.610478359909,1891.4976642639913,2099.2783676868626,6.828315114978903,10.765619713791807,11.951680173410411,278.36865908556086,306.8766078863992,314.1183040519619,12024910.807974817,18969717.66246038,21003641.61849711,11999.339963833634,18910.170986682024,21024.053125,2782.0047608851123,3069.874792263696,3141.967956815418,0.0,100.0,0.0,0
2003,bom,20030914131811,B14,TIR,NOR,1251.5374423963133,1947.547406940244,2139.4494670351364,6.5182559322033855,10.170589739208541,11.173515542521994,276.3839908126166,305.617903205077,312.63453695887597,12485130.970724192,19495035.220284846,21399833.59927057,12510.789302022178,19485.14984441727,21405.353862776876,2765.0359818286715,3055.054106060729,3124.957433268082,0.0,100.0,0.0,0
2003,ruim,20031011130046,B01,VNIR,HGH,59.05499777893836,97.02179144084376,255.0,39.56357230569433,64.54323851470143,171.68249487212532,0.0710175699709483,0.1178464171109273,0.31350613432581975,1075.2839186316123,1767.8396628350145,4647.413546628259,1075.2839186316123,1767.8396628350145,4647.413546628259,715.8801492479919,1190.8576617104206,3134.668691398839,15.07855083665452,0.0,0.0,0
2003,ruim,20031011130046,B02,VNIR,HGH,34.00000000000001,64.04488096605449,255.0,23.363999999999837,44.60399999999979,179.8024543668456,0.0517074170900227,0.0971605549584848,0.3917266818961705,750.7390271547396,1391.5591209681177,5544.493372606844,750.7390271547396,1391.5591209681177,5544.493372606844,508.9362402587267,971.6055495848416,3917.266818960841,11.062828052842027,0.0,0.0,0
2003,ruim,20031011130046,B3N,VNIR,NOR,36.0,119.11262980481465,248.99999999999997,30.170000000000048,101.71599999999997,213.77600000000027,0.09138138092488954,0.3068033292382463,0.6462196772139533,1104.1937851514092,3597.7822644632765,7528.132637406396,1104.1937851514092,3597.7822644632765,7528.132637406396,913.8138092489029,3080.8579854676623,6475.023562677899,1.4608644779358753,0.0,0.0,0
2003,ruim,20031011130046,B04,SWIR,NOR,24.0,61.00000000000001,146.0,5.120777909682681,13.04400000000034,31.630279458420077,0.07665661298063917,0.19362700695305335,0.47189049273539246,3669.0421277196237,9039.631172278789,21889.580973145003,3669.0421277196237,9039.631172278789,21889.580973145003,748.5159539940673,1952.6503147670733,4718.904927353922,0.0,0.00036548583139351726,0.00036548583139351726,0
2003,ruim,20031011130046,B05,SWIR,NOR,21.0,38.0,110.0,1.429880362239498,2.538263350126025,7.549685202243323,0.05303340079318701,0.10030215099306126,0.29548471508767366,7994.595587869344,14567.344235387487,42765.886280329905,7994.595587869344,14567.344235387487,42765.886280329905,530.3340079318721,1003.0215099306389,2954.8471508767266,0.0,12.342839812496523,12.342839812496523,0
2003,ruim,20031011130046,B06,SWIR,NOR,18.0,39.0,124.0,1.0625,2.375,7.6875,0.04521090753250541,0.09911511462994489,0.3181670422907011,7406.7370591847475,16047.930294900782,51024.188629939184,7406.7370591847475,16047.930294900782,51024.188629939184,438.003773757799,979.067258988036,3181.670422907012,0.0,18.25204223892584,18.25204223892584,0
2003,ruim,20031011130046,B07,SWIR,NOR,17.046737998727114,35.0,115.0,0.9551999999999945,2.0297999999999714,6.80579999999999,0.04459659081214807,0.09150167429300803,0.3067997314530311,7476.71110422979,15748.868099383773,51960.26277144409,7476.71110422979,15748.868099383773,51960.26277144409,430.596114320041,915.016742930084,3053.970810806378,0.0,18.49369753068572,18.49369753068572,0
2003,ruim,20031011130046,B08,SWIR,NOR,15.0,31.0,115.0,0.5837999999999969,1.272088128950746,4.773732217121248,0.02886947768048509,0.06455478874246634,0.24014145673093165,7598.1529590198315,15702.849448641042,58252.50601915161,7598.1529590198315,15702.849448641042,58252.50601915161,308.0619820888381,624.2973697520699,2412.4158361343957,9.136196058496692e-05,21.3195854386906,21.3195854386906,0
2003,ruim,20031011130046,B09,SWIR,NOR,17.0,26.000000000000004,92.0,0.5087999999999965,0.7950000000000316,2.8938000000000117,0.02868471539507592,0.04387293742821908,0.16314431880949548,9566.605663234493,14631.279249653173,51772.21888338708,9566.605663234493,14631.279249653173,51772.21888338708,286.8471539507646,448.19867804805915,1631.4431880949478,0.0,19.172559461773822,19.172559461773822,0
2003,ruim,20031011130046,B10,TIR,NOR,897.5540847201211,1181.4703532956855,1301.4114457831324,6.109635830556118,8.046313591525045,8.888633995149561,279.4341144779292,292.30878537143144,297.18002490019194,8960552.04614117,11809702.442049237,13024285.714285715,8975.54084720121,11790.103951562318,13040.022212350066,2793.1274203611547,2923.08396532477,2972.9765322741523,0.0,100.0,0.0,0
2003,ruim,20031011130046,B11,TIR,NOR,957.5132520797059,1277.4951579033632,1425.4016427104723,6.48515984910042,8.671762498808569,9.672080398009946,279.8980110577394,294.3761565016527,300.1235132149497,9550467.532467533,12795114.867488192,14270732.519422863,9550.467532467532,12779.947073001043,14254.016427104723,2799.21376607903,2943.153299905237,3001.0494047682764,0.0,100.0,0.0,0
2003,ruim,20031011130046,B12,TIR,NOR,1025.5167785234898,1381.5218793863226,1541.4514501891551,6.768704707366282,9.107582365856532,10.171545379537953,280.1329368442263,295.614899517371,301.6130221532512,10256118.35973905,13795005.933134012,15434222.695466992,10271.912978244562,13790.266640241665,15454.364694471387,2801.0646065703404,2955.1517800341294,3016.8498502315724,0.0,100.0,0.0,0
2003,ruim,20031011130046,B13,TIR,NOR,1265.5790034638956,1617.5291875486553,1773.5272804774083,7.205326537989798,9.202882531891053,10.079234166116617,281.38826454979807,296.3619128589189,302.369523034686,12681356.679994484,16220248.680438831,17729650.726676043,12642.028678507415,16160.242082945239,17759.003296981995,2814.994534511043,2965.007828614315,3022.92871482835,0.0,100.0,0.0,0
2003,ruim,20031011130046,B14,TIR,NOR,1361.5663992869875,1693.4922394094303,1837.4856700232378,7.109118057414864,8.858782594336827,9.57919203832363,281.6268011534693,295.87728260201874,301.36383021408716,13615663.992869874,16925126.481034156,18369751.424132574,13615.663992869875,16939.793351548604,18379.98957790516,2815.0798521676115,2958.985264403646,3015.040584833293,0.0,100.0,0.0,0
2001,bom,20010816131957,B01,VNIR,HGH,54.139791748208445,73.0090115105433,144.0,35.582386624216454,48.671999999999926,96.668,0.0755911946143475,0.10268992475911289,0.20395360056323938,1137.933995029575,1549.02293033066,3023.3832212265174,1137.933995029575,1549.02293033066,3023.3832212265174,755.911946143485,1026.8992475911189,2039.5360056323934,0.2327988423262855,0.0,0.0,0
2001,bom,20010816131957,B02,VNIR,HGH,41.10366791308087,67.03518720841868,144.0123206044538,28.319999999999837,46.37699778841782,101.59306269289156,0.07128406235450996,0.11761870288494576,0.2548405229173757,1044.9666642404131,1684.4133076127732,3632.6265153646636,1044.9666642404131,1684.4133076127732,3632.6265153646636,722.9108449550995,1167.3519781654772,2539.4235152209667,0.1601713341927072,0.0,0.0,0
2001,bom,20010816131957,B3N,VNIR,NOR,43.00000000000001,61.09479055978212,101.18617862937072,36.20400000000015,51.72000000000008,87.45477797581694,0.12671323409890614,0.18101890585558075,0.3060898727963118,1503.171537020914,2132.4061339133527,3565.6627157239827,1503.171537020914,2132.4061339133527,3565.6627157239827,1267.1323409890754,1810.1890585558444,3047.151581902294,0.0,0.0,0.0,0
2001,bom,20010816131957,B04,SWIR,NOR,49.0,74.0,120.0,10.435199999999941,15.870200000000125,25.87060000000012,0.18050842446906828,0.2745232288800361,0.44751046899623065,8465.78914176581,12785.069316136312,20732.54483697752,8465.78914176581,12785.069316136312,20732.54483697752,1805.0842446906793,2745.232288800439,4475.104689962308,0.0,0.0,0.0,0
2001,bom,20010816131957,B05,SWIR,NOR,36.0,56.0,104.00000000000001,2.436000000000011,3.828000000000038,7.168799999999974,0.11138395455179129,0.173876192242243,0.3226478385553393,16183.016066910088,25173.580548526523,46750.935304407016,16183.016066910088,25173.580548526523,46750.935304407016,1096.3761504307504,1722.8768078197616,3226.478385553377,0.0,13.083801140968918,13.083801140968918,0
2001,bom,20010816131957,B06,SWIR,NOR,37.0,59.0,112.0,2.250243859923247,3.6288671278715112,6.9375,0.10718017073443718,0.1741791631272916,0.3304721930978468,17603.876749279734,28071.04670831057,53287.41070052237,17603.876749279734,28071.04670831057,53287.41070052237,1071.8017073443632,1712.18720071015,3304.7219309784664,0.0,24.611080124371707,24.611080124371707,0
2001,bom,20010816131957,B07,SWIR,NOR,33.0,53.047397485300266,106.0,1.9104000000000043,3.104400000000103,6.268499999999982,0.09951375521592377,0.16170985222587822,0.32652950930225183,17169.095413761628,27574.607785737906,55149.21557147637,17169.095413761628,27574.607785737906,55149.21557147637,995.1375521592435,1617.0985222588151,3265.2950930225206,0.0,24.1884682932372,24.1884682932372,0
2001,bom,20010816131957,B08,SWIR,NOR,30.0,49.0,104.0,1.2092999999999952,2.0224499968600402,4.274284953897754,0.07235468517099192,0.11859655399315995,0.25186484701567746,17915.959260173582,28991.730856487487,60911.91946790167,17915.959260173582,28991.730856487487,60911.91946790167,723.5468517099248,1173.739092888596,2518.6484701567806,9.225563040996513e-05,29.899360612042518,29.899360612042518,0
2001,bom,20010816131957,B09,SWIR,NOR,30.0,44.00000000000001,84.0,0.9221999999999896,1.3674000000000206,2.6394000000000117,0.06007746143127216,0.08908037384636791,0.171945837889503,19921.422263610457,28301.733367255452,54656.3228801725,19921.422263610457,28301.733367255452,54656.3228801725,593.279313466052,880.3680657159825,1708.8127318294057,0.0,25.488765587626403,25.488765587626403,0
2001,bom,20010816131957,B10,TIR,NOR,1155.7626196576682,1339.5039204652035,1459.2148721917156,7.889901412875624,9.110783052894938,9.98352919178257,291.36945470454293,298.3819946281954,303.1069903725567,11566120.028996091,13334603.668145785,14647092.57779249,11616.270771690946,13344.734126131149,14622.707831608326,2913.071818342402,2984.978641756863,3032.896606258913,0.0,100.0,0.0,0
2001,bom,20010816131957,B11,TIR,NOR,1243.6027435610301,1451.467884242307,1603.235112164574,8.469532752697587,9.8444436829881,10.838791815604333,293.1119876694841,301.1194066646833,306.6055630223348,12485747.194439948,14514796.372818068,16023524.488268737,12445.84100110416,14494.462703121448,16028.285847976284,2930.8962961461607,3011.0075273737357,3064.832340437097,0.0,100.0,0.0,0
2001,bom,20010816131957,B12,TIR,NOR,1339.6457793889176,1555.5047472210797,1723.2179207128388,8.782949230769226,10.21736801850934,11.342176606052535,293.6306401157354,302.13291259508514,308.124500578847,13335592.730276745,15565133.342132429,17203849.813465323,13345.506607929516,15585.442124625306,17243.43831976244,2937.127225805737,3023.0027414188526,3080.931295509497,0.0,100.0,0.0,0
2001,bom,20010816131957,B13,TIR,NOR,1587.576843550729,1819.4573308953893,1995.2846906968862,9.015772496256227,10.326993315454576,11.359547236238553,295.1212833633399,304.11446420879224,310.63615379174126,15890691.134878179,18184920.471476186,19953439.66221213,15842.000727537286,18145.021852237252,19999.226385827515,2951.0233165634813,3040.968863242444,3104.956121180324,0.0,100.0,0.0,0
2001,bom,20010816131957,B14,TIR,NOR,1675.6854992159833,1891.4809822127754,2059.25029239614,8.734275848845494,9.888346292977076,10.765595869634447,294.8775885006249,303.6324235995151,309.8528060660666,16745762.879955431,18904678.843315795,20608468.518034436,16736.262194035193,18909.64077507455,20638.484792062154,2948.946814276428,3035.0038356911487,3096.9083422420317,0.0,100.0,0.0,0
2001,ruim,20010928130033,B01,VNIR,HGH,77.0,119.99999999999999,255.00000000000003,51.37600000000017,80.44400000000024,171.6872270945563,0.09638746722896964,0.15092248158220167,0.32213706152835886,1441.9766684756967,2247.2363664556356,4775.377278717051,1441.9766684756967,2247.2363664556356,4775.377278717051,963.8746722896989,1509.2248158220214,3221.37061528446,26.091622833446156,0.0,0.0,0
2001,ruim,20010928130033,B02,VNIR,HGH,47.133391246081615,88.0,255.00000000000003,32.56799999999986,61.59599999999992,179.81125867785295,0.07289570134424501,0.13786795689020417,0.4025110465530589,1040.2909001612816,1966.077936617613,5697.157657244302,1040.2909001612816,1966.077936617613,5697.157657244302,728.9570134424557,1378.679568902026,4025.110465528818,20.71559702662299,0.0,0.0,0
2001,ruim,20010928130033,B3N,VNIR,NOR,59.0,129.0,253.0,49.58090474977485,110.3360000000002,217.22400000000042,0.1543090877485521,0.34203726030899645,0.6775881186976807,1832.889553466407,4007.504277918117,7859.678932661056,1832.889553466407,4007.504277918117,7859.678932661056,1556.0097561776815,3433.9525653576247,6760.594113047857,1.8479289871110767,0.0,0.0,0
2001,ruim,20010928130033,B04,SWIR,NOR,34.99999999999999,78.00000000000001,146.0,7.391599999999987,16.627885378077863,31.62607423647197,0.11543287437081336,0.25576749943369864,0.4864672651058472,5373.826093698231,11975.955294527324,22416.531705141166,5373.826093698231,11975.955294527324,22416.531705141166,1136.9642055066156,2574.8895242355716,4848.817935248827,0.0,0.0,0.0,0
2001,ruim,20010928130033,B05,SWIR,NOR,27.0,52.0,104.0,1.809600000000011,3.5495999999999928,7.168799999999985,0.07242300159319147,0.14206050312510635,0.28690650631148784,11006.055242684584,20773.25270988846,41731.51894302879,11006.055242684584,20773.25270988846,41731.51894302879,724.2300159319059,1420.6050312510517,2869.065063114872,0.0,20.665621016257703,20.665621016257703,0
2001,ruim,20010928130033,B06,SWIR,NOR,25.0,55.00000000000001,116.99999999999999,1.5,3.376086221612892,7.25,0.06353818757725177,0.14296092204881575,0.3071012399567173,10570.384863597043,23254.84669991338,49469.40116163406,10570.384863597043,23254.84669991338,49469.40116163406,623.3854836887909,1429.609220488159,3056.7365843825974,0.0,31.38585406927345,31.38585406927345,0
2001,ruim,20010928130033,B07,SWIR,NOR,25.093656699679507,51.0,110.0,1.432800000000003,2.9849999999999945,6.507299999999991,0.06511702100452973,0.13826580226939225,0.30273673500806947,11558.931210226037,23805.445123385274,50859.297324994506,11558.931210226037,23805.445123385274,50859.297324994506,663.6758508930873,1382.6580226939523,3014.194489472783,0.0,33.260239173659556,33.260239173659556,0
2001,ruim,20010928130033,B08,SWIR,NOR,20.0,44.0,104.0,0.7736118935717464,1.7716760438293075,4.273811235967189,0.04131384065301841,0.09349974463577881,0.22396450459268014,10409.81803080656,22901.599667774713,54131.05376019454,10409.81803080656,22901.599667774713,54131.05376019454,403.39364506251826,945.5786759252304,2228.5441926521394,0.0,34.658831950323865,34.658831950323865,0
2001,ruim,20010928130033,B09,SWIR,NOR,22.0,37.0,77.0,0.6678000000000135,1.1448000000000091,2.416799999999996,0.03868516977115686,0.06535893650118861,0.14000347155276024,12721.19767677788,21394.74154730876,44524.19186872302,12721.19767677788,21394.74154730876,44524.19186872302,386.85169771157643,663.1743389341283,1400.034715527607,0.0,26.157260377573788,26.157260377573788,0
2001,ruim,20010928130033,B10,TIR,NOR,849.5413976452716,1081.5132667617688,1269.5046235138705,5.764837739072012,7.361089765670119,8.670408788121861,276.8846778941672,288.1357239816511,295.866420051081,8470141.824249165,10800255.678131083,12699889.40628638,8495.413976452715,10800.255678131083,12690.105448154658,2769.0917715099654,2880.916804587185,2958.8755694372194,0.0,100.0,0.0,0
2001,ruim,20010928130033,B11,TIR,NOR,905.5322991925202,1181.5394771518045,1413.487747910956,6.14317331064659,8.014077927529163,9.579704894002964,277.3879642178112,290.38676090774953,299.62708996109603,9076318.825380178,11830938.274789311,14124092.291782578,9055.640772592697,11805.353625336802,14109.620588074846,2775.159939830061,2903.0113594983704,2996.8508450807262,0.0,100.0,0.0,0
2001,ruim,20010928130033,B12,TIR,NOR,977.5137272128267,1285.5022610937326,1541.4951556552403,6.452110343932543,8.484834585976062,10.141610125132571,277.61150763027746,291.63458496974135,301.6135709661042,9801563.462196374,12880599.04251723,15369102.047166888,9760.616728767827,12895.233837703116,15389.693627686407,2776.8460010178474,2916.9550873822036,3016.8887551104726,0.0,100.0,0.0,0
2001,ruim,20010928130033,B13,TIR,NOR,1209.5066157760814,1521.4964630225081,1769.4033224676814,6.860329790697651,8.67061793858801,10.079442286367062,278.63288934981506,292.3894353794753,302.3750646642464,12090606.813861676,15235598.203348305,17730797.83393502,12065.390222222222,15200.32530976798,17694.81560991898,2787.034711265157,2924.9318636956978,3022.949049118355,0.0,100.0,0.0,0
2001,ruim,20010928130033,B14,TIR,NOR,1293.5781865965835,1581.5130023024908,1817.4541543738867,6.764347339089501,8.263456231370204,9.485553709447148,278.6321342716223,291.139936766203,300.61785192237056,12946566.816442003,15825227.237072138,18184499.591144007,12961.422139830509,15840.604000822954,18145.68061348078,2784.8989142045184,2912.8499460161543,3006.9610185576275,0.0,100.0,0.0,0
