Band Value,B01,B02,B3N
27.00 - 28.00,,,1
28.00 - 29.00,,,4
29.00 - 30.00,,,25
30.00 - 31.00,,,13
31.00 - 32.00,,,6
32.00 - 33.00,,,12
33.00 - 34.00,,,4
34.00 - 35.00,,,5
35.00 - 36.00,,,11
36.00 - 37.00,,,17
37.00 - 38.00,,,28
38.00 - 39.00,,1,33.592
39.00 - 40.00,,4,56
40.00 - 41.00,,15,57.663
41.00 - 42.00,,20,162.996
42.00 - 43.00,,49,140
43.00 - 44.00,,54,426.486
44.00 - 45.00,,80,326
45.00 - 46.00,,107,515.706
46.00 - 47.00,,161,669.616
47.00 - 48.00,,251,727.522
48.00 - 49.00,,409,901.651
49.00 - 50.00,,673,"1,101.431"
50.00 - 51.00,,"1,219","1,301.671"
51.00 - 52.00,,"2,223","1,552"
52.00 - 53.00,,"2,527.345","1,734"
53.00 - 54.00,,"2,579.91","1,928.545"
54.00 - 55.00,,"3,300","2,208.894"
55.00 - 56.00,,"4,035.882","2,484.239"
56.00 - 57.00,,"5,219.055","3,195.118"
57.00 - 58.00,,"6,576.816","2,531"
58.00 - 59.00,,"8,210.796","4,034.192"
59.00 - 60.00,,"9,976.38","3,377.906"
60.00 - 61.00,,"12,051.004","4,459.314"
61.00 - 62.00,,"13,994.094","6,026.047"
62.00 - 63.00,3,"16,115.545","6,255.89"
63.00 - 64.00,2,"17,470.541","6,726.239"
64.00 - 65.00,6,"18,905.439","17,494.188"
65.00 - 66.00,35,"21,023.18","3,032.082"
66.00 - 67.00,116.592,"19,880","12,245.682"
67.00 - 68.00,121,"21,306.686","15,126.384"
68.00 - 69.00,271,"21,154.38","16,820.686"
69.00 - 70.00,724,"21,347.094","18,020.051"
70.00 - 71.00,"2,518.753","38,456.408","19,365.737"
71.00 - 72.00,"3,469.91","4,478.18","38,416.153"
72.00 - 73.00,"4,407","22,417.718","4,764.576"
73.00 - 74.00,"5,301.42","37,184.024","24,026.027"
74.00 - 75.00,"6,913","3,944.271","26,036.353"
75.00 - 76.00,"9,244","20,516.792","27,629.6"
76.00 - 77.00,"13,465.247","20,062.275","29,927.259"
77.00 - 78.00,"17,393","20,573.173","58,986.18"
78.00 - 79.00,"22,588.059","17,895.714","7,099.2"
79.00 - 80.00,"26,171.184","18,763.522","36,327.847"
80.00 - 81.00,"29,509.965","18,468.557","39,424.282"
81.00 - 82.00,"61,281.71","17,996.616","37,597.157"
82.00 - 83.00,"7,159.153","19,195.369","63,141.071"
83.00 - 84.00,"63,326.188","15,428.4","35,417.529"
84.00 - 85.00,"5,550.267","16,668.722","7,525.18"
85.00 - 86.00,"30,745.322","15,903.984","32,791.741"
86.00 - 87.00,"27,830.086","16,996.82","33,889.71"
87.00 - 88.00,"27,004.298","15,288.137","27,134.282"
88.00 - 89.00,"23,277.478","13,270.231","50,473.792"
89.00 - 90.00,"24,042.933","14,072.353","2,928"
90.00 - 91.00,"21,808.486","13,998.2","26,185.635"
91.00 - 92.00,"35,948.796","25,412.89","19,928.251"
92.00 - 93.00,"2,313","12,870.898","21,310.047"
93.00 - 94.00,"18,420.125","12,529.016","20,113.824"
94.00 - 95.00,"19,685.941","11,267.498","20,753.153"
95.00 - 96.00,"17,692.455","12,072.486","17,592.439"
96.00 - 97.00,"31,403.008","2,943.475","14,777"
97.00 - 98.00,"15,396.106","11,091.502","26,497.808"
98.00 - 99.00,"3,585.302","11,594.357","2,397.361"
99.00 - 100.00,"32,127.651","11,375.745","12,653.757"
100.00 - 101.00,"1,839","11,172.027","11,844.702"
101.00 - 102.00,"16,236.227","12,313.129","10,617.573"
102.00 - 103.00,"15,885.227","9,594.788","10,949.925"
103.00 - 104.00,"16,868.537","11,847.675","7,997.537"
104.00 - 105.00,"25,246.455","9,244.173","8,928.282"
105.00 - 106.00,"4,000.663","10,196.231","7,258.725"
106.00 - 107.00,"13,813.275","12,253.796","5,834.902"
107.00 - 108.00,"12,278","8,208.357","5,969.604"
108.00 - 109.00,"12,858.149","17,417.839","5,299.69"
109.00 - 110.00,"13,564.639","2,065.745","4,827.965"
110.00 - 111.00,"10,844.976","9,234.212","4,480.494"
111.00 - 112.00,"11,224.949","15,950.02","4,156.027"
112.00 - 113.00,"19,448.788","2,688.498","4,136.961"
113.00 - 114.00,"3,106.506","7,553.533","3,145"
114.00 - 115.00,"9,048.925","8,943.894","3,211.188"
115.00 - 116.00,"11,079.827","7,983.247","3,185.184"
116.00 - 117.00,"8,332","7,518.322","2,487"
117.00 - 118.00,"9,041.082","6,657.486","2,569.941"
118.00 - 119.00,"8,827.753","7,002.243","2,443.227"
119.00 - 120.00,"8,436.235","12,512.404","2,533.506"
120.00 - 121.00,"13,720.329",630.867,"1,916"
121.00 - 122.00,"1,492.094","11,379.855","2,069.973"
122.00 - 123.00,"7,004.118",585,"1,862"
123.00 - 124.00,"6,695.502","6,032.663","1,920.612"
124.00 - 125.00,"7,037.337","5,284.945","1,546"
125.00 - 126.00,"5,059","5,205.773","1,634.792"
126.00 - 127.00,"5,351.424","4,700.467","1,681.294"
127.00 - 128.00,"5,124.894","4,031","1,358"
128.00 - 129.00,"4,945.529","4,254.714","1,391"
129.00 - 130.00,"4,569.906","4,020.843","1,368.341"
130.00 - 131.00,"4,393.043","4,328.31","1,331.467"
131.00 - 132.00,"4,143.886","3,179","1,316.816"
132.00 - 133.00,"3,940.051","3,532.153","1,202"
133.00 - 134.00,"3,621.243","5,838.929","1,216"
134.00 - 135.00,"4,146",599.376,"1,097"
135.00 - 136.00,"2,869","3,010.373","1,080.749"
136.00 - 137.00,"3,373.902","2,833","1,053"
137.00 - 138.00,"3,121.804","2,697.078","1,011"
138.00 - 139.00,"3,034.761","2,595.443","1,038.671"
139.00 - 140.00,"2,913.125","2,433.165","1,021.024"
140.00 - 141.00,"2,875.545","2,381.467",951
141.00 - 142.00,"2,697.18","2,180.494",884
142.00 - 143.00,"2,656.992","2,153.918",952.071
143.00 - 144.00,"2,700.278","2,028.541",758
144.00 - 145.00,"2,436.961","1,884.867",847.596
145.00 - 146.00,"2,775.396","1,843.98",824.573
146.00 - 147.00,"1,881","1,777.973",778
147.00 - 148.00,"2,334.302","1,725",754
148.00 - 149.00,"2,235.082","1,641.165",787
149.00 - 150.00,"2,206.678","1,607",690
150.00 - 151.00,"2,088.275","1,587.604",775.553
151.00 - 152.00,"2,010.137","1,542.769",637
152.00 - 153.00,"1,911.549","1,408.898",665
153.00 - 154.00,"1,936.482","1,375.569",672
154.00 - 155.00,"2,204.427","1,393.6",654
155.00 - 156.00,"1,614","1,564.137",645
156.00 - 157.00,"1,768.937","1,312.306",578
157.00 - 158.00,"1,718.322","1,115",618
158.00 - 159.00,"1,716.345","1,190.251",549
159.00 - 160.00,"1,673.561","1,141.957",516
160.00 - 161.00,"1,707.863","1,185.396",520
161.00 - 162.00,"1,799.478","1,115.561",519
162.00 - 163.00,"1,527.925","1,100.729",537
163.00 - 164.00,"1,285","1,207.184",509
164.00 - 165.00,"1,553.702",935,453
165.00 - 166.00,"1,500.38","1,005.875",531.659
166.00 - 167.00,"1,416.855",971,461
167.00 - 168.00,"1,364","1,000.647",484
168.00 - 169.00,"1,375.541",940.796,442
169.00 - 170.00,"1,367.62",973.839,437
170.00 - 171.00,"1,322.2",955,460
171.00 - 172.00,"1,320.298",845.659,478
172.00 - 173.00,"1,330.949",871,447
173.00 - 174.00,"1,267.027",855,410.992
174.00 - 175.00,"1,252",849,445
175.00 - 176.00,"1,332.471",786.863,431
176.00 - 177.00,"1,012",777,359.459
177.00 - 178.00,"1,203",757,381
178.00 - 179.00,"1,132.663",763,417.357
179.00 - 180.00,"1,167",757.612,364
180.00 - 181.00,"1,113",780.988,385
181.00 - 182.00,"1,184.282",802.949,323.961
182.00 - 183.00,957,601,351.812
183.00 - 184.00,"1,092.725",701,362
184.00 - 185.00,"1,057.349",705,311
185.00 - 186.00,"1,201.353",657,382.906
186.00 - 187.00,924,655.698,280
187.00 - 188.00,"1,124.376",654,300.745
188.00 - 189.00,904,596.259,335
189.00 - 190.00,"1,005.427",623,293
190.00 - 191.00,"1,040.694",607.933,339.667
191.00 - 192.00,846,608.361,279
192.00 - 193.00,947,629.31,247
193.00 - 194.00,897.4,603.816,259.953
194.00 - 195.00,900.047,549,256
195.00 - 196.00,894.498,572.949,256
196.00 - 197.00,904.784,499,253
197.00 - 198.00,929.569,559,280
198.00 - 199.00,847,557.502,228.514
199.00 - 200.00,939.788,589,248.843
200.00 - 201.00,752,530,238
201.00 - 202.00,743.941,517.631,219
202.00 - 203.00,787.675,542,207
203.00 - 204.00,813,523,209.698
204.00 - 205.00,746.714,524,221
205.00 - 206.00,859.557,491,183
206.00 - 207.00,684,497,180
207.00 - 208.00,734,476.643,200
208.00 - 209.00,739,491,184.475
209.00 - 210.00,661,465.671,203
210.00 - 211.00,705.718,469,186
211.00 - 212.00,689.863,474,174
212.00 - 213.00,669,470,182.608
213.00 - 214.00,676,431.522,181.588
214.00 - 215.00,703.612,474,147
215.00 - 216.00,635,441,134
216.00 - 217.00,621,435,137
217.00 - 218.00,613,442,144
218.00 - 219.00,647.447,464.573,140
219.00 - 220.00,641.467,454.761,107.443
220.00 - 221.00,619.247,365,117
221.00 - 222.00,665,389.596,118
222.00 - 223.00,635.49,442.31,98
223.00 - 224.00,559,393,89
224.00 - 225.00,620.31,387,98
225.00 - 226.00,559,384,84
226.00 - 227.00,552,453.553,72.565
227.00 - 228.00,562.725,369,72
228.00 - 229.00,544,375.337,74
229.00 - 230.00,555,365,74
230.00 - 231.00,537,353,62
231.00 - 232.00,562,385,54
232.00 - 233.00,589,339,44.773
233.00 - 234.00,539.361,417.404,53
234.00 - 235.00,541.816,334,55.922
235.00 - 236.00,548,378,46
236.00 - 237.00,564.502,369,33.639
237.00 - 238.00,557.949,375,38
238.00 - 239.00,568,356,26.651
239.00 - 240.00,603,362,27
240.00 - 241.00,588,395,19.871
241.00 - 242.00,581,364.459,30
242.00 - 243.00,639.573,408,24
243.00 - 244.00,597,345,14.788
244.00 - 245.00,611.522,389,11
245.00 - 246.00,667.631,400,2
246.00 - 247.00,683,403,8
247.00 - 248.00,727,416,10
248.00 - 249.00,735,471,9
249.00 - 250.00,779.643,471,11.976
250.00 - 251.00,909.671,559.992,9
251.00 - 252.00,867,573.424,12
252.00 - 253.00,"1,230.553",672,7
253.00 - 254.00,"1,132",780,6
254.00 - 255.00,"1,884.071","2,654.329",9.682
255.00 - 256.00,"27,583.016","13,992",54.361
