Band Value,bom,ruim
0.0430 - 0.0469,,8
0.0469 - 0.0508,,199
0.0508 - 0.0547,,456
0.0547 - 0.0586,,"1,644"
0.0586 - 0.0625,,"1,145.165"
0.0625 - 0.0664,,"2,386.314"
0.0664 - 0.0703,,"1,180.537"
0.0703 - 0.0742,1,"2,756"
0.0742 - 0.0781,4,"1,716"
0.0781 - 0.0820,38,"3,605.698"
0.0820 - 0.0859,6,"2,040"
0.0859 - 0.0898,16,"4,582"
0.0898 - 0.0938,5,"2,488.714"
0.0938 - 0.0977,11,"5,620.192"
0.0977 - 0.1016,45,"3,088.988"
0.1016 - 0.1055,33.592,"6,797.678"
0.1055 - 0.1094,113.663,"3,740.804"
0.1094 - 0.1133,125,"8,780.271"
0.1133 - 0.1172,177.996,"5,099.69"
0.1172 - 0.1211,752.486,"11,862.757"
0.1211 - 0.1250,515.706,"6,842.792"
0.1250 - 0.1289,"1,397.137","17,559.659"
0.1289 - 0.1328,901.651,"11,104.341"
0.1328 - 0.1367,"1,101.431","25,351.043"
0.1367 - 0.1406,"2,853.671","13,100.773"
0.1406 - 0.1445,"1,734","23,740.078"
0.1445 - 0.1484,"4,137.439","10,671.541"
0.1484 - 0.1523,"2,484.239","18,794.576"
0.1523 - 0.1563,"2,650.584","8,263"
0.1563 - 0.1602,"6,548.141","14,562.655"
0.1602 - 0.1641,"3,939.49","6,395.216"
0.1641 - 0.1680,"9,870.569","11,207.38"
0.1680 - 0.1719,"6,264.588","5,119.2"
0.1719 - 0.1758,"7,332.333","9,090.082"
0.1758 - 0.1797,"19,828.431","4,210.596"
0.1797 - 0.1836,"12,943.522","7,870.851"
0.1836 - 0.1875,"31,947.071","3,820.22"
0.1875 - 0.1914,"18,020.051","7,271.271"
0.1914 - 0.1953,"19,365.737","3,416"
0.1953 - 0.1992,"43,180.729","6,736.706"
0.1992 - 0.2031,"24,026.027","3,343.855"
0.2031 - 0.2070,"53,665.953","6,600.396"
0.2070 - 0.2109,"29,927.259","3,289.537"
0.2109 - 0.2148,"31,872.451","6,564.671"
0.2148 - 0.2188,"70,540.776","3,362.627"
0.2188 - 0.2227,"37,374.208","6,743.906"
0.2227 - 0.2266,"74,295.839","3,358.663"
0.2266 - 0.2305,"36,516.157","7,049.165"
0.2305 - 0.2344,"34,919.016","3,518.784"
0.2344 - 0.2383,"64,061.816","7,268.259"
0.2383 - 0.2422,"29,753.918","3,702.51"
0.2422 - 0.2461,"53,401.792","7,611.357"
0.2461 - 0.2500,"23,873.596","4,103.416"
0.2500 - 0.2539,"22,240.29","8,756.475"
0.2539 - 0.2578,"41,423.871","4,615.231"
0.2578 - 0.2617,"18,951.749","10,220.533"
0.2617 - 0.2656,"34,170.843","5,635.686"
0.2656 - 0.2695,"15,031.031","12,457.322"
0.2695 - 0.2734,"13,864.137","6,849.682"
0.2734 - 0.2773,"24,498.459","15,553.329"
0.2773 - 0.2813,"10,617.573","8,840.765"
0.2813 - 0.2852,"18,947.463","19,895.267"
0.2852 - 0.2891,"8,150.216","10,938.929"
0.2891 - 0.2930,"7,341.8","24,361.714"
0.2930 - 0.2969,"12,499.498","13,422.667"
0.2969 - 0.3008,"5,299.69","28,685.518"
0.3008 - 0.3047,"9,308.459","15,328.059"
0.3047 - 0.3086,"4,156.027","32,198"
0.3086 - 0.3125,"3,778.435","16,465.153"
0.3125 - 0.3164,"6,714.714","33,548.227"
0.3164 - 0.3203,"2,918.875","16,660.024"
0.3203 - 0.3242,"5,323.251","32,763.263"
0.3242 - 0.3281,"2,443.227","15,872.886"
0.3281 - 0.3320,"2,341.922","30,345.447"
0.3320 - 0.3359,"4,177.557","14,362.263"
0.3359 - 0.3398,"1,862","26,998.063"
0.3398 - 0.3438,"3,466.612","12,766.302"
0.3438 - 0.3477,"1,634.792","23,183.855"
0.3477 - 0.3516,"1,537.804","10,693.443"
0.3516 - 0.3555,"2,892.49","19,631.227"
0.3555 - 0.3594,"1,368.341","8,839.824"
0.3594 - 0.3633,"2,648.282","16,493.447"
0.3633 - 0.3672,"1,202","7,351.18"
0.3672 - 0.3711,"1,216","13,083.22"
0.3711 - 0.3750,"2,177.749","6,030.412"
0.3750 - 0.3789,"1,053","10,959.251"
0.3789 - 0.3828,"2,049.671","4,777.259"
0.3828 - 0.3867,"1,021.024","9,274.78"
0.3867 - 0.3906,951,"4,079.616"
0.3906 - 0.3945,"1,760.761","7,744.592"
0.3945 - 0.3984,833.31,"3,563.529"
0.3984 - 0.4023,"1,672.169","6,567.008"
0.4023 - 0.4063,778,"3,108.075"
0.4063 - 0.4102,754,"5,837.922"
0.4102 - 0.4141,"1,477","2,742.122"
0.4141 - 0.4180,728,"5,316.059"
0.4180 - 0.4219,684.553,"2,698"
0.4219 - 0.4258,"1,337","4,979"
0.4258 - 0.4297,654,"2,443.569"
0.4297 - 0.4336,"1,223","4,730.118"
0.4336 - 0.4375,618,"2,335.988"
0.4375 - 0.4414,549,"4,571.263"
0.4414 - 0.4453,"1,036","2,159.627"
0.4453 - 0.4492,519,"4,428.373"
0.4492 - 0.4531,"1,046","2,214"
0.4531 - 0.4570,453,"4,409.604"
0.4570 - 0.4609,475,"2,109.902"
0.4609 - 0.4648,"1,001.659","4,123.761"
0.4648 - 0.4688,442,"2,110.561"
0.4688 - 0.4727,897,"4,069.882"
0.4727 - 0.4766,478,"2,029.443"
0.4766 - 0.4805,447,"3,983.188"
0.4805 - 0.4844,855.992,"1,974.773"
0.4844 - 0.4883,431,"3,905.922"
0.4883 - 0.4922,740.459,"1,993.224"
0.4922 - 0.4961,417.357,"3,834.941"
0.4961 - 0.5000,364,"1,907.82"
0.5000 - 0.5039,708.961,"3,691.576"
0.5039 - 0.5078,351.812,"1,879.424"
0.5078 - 0.5117,673,"1,819.757"
0.5117 - 0.5156,353,"3,638.502"
0.5156 - 0.5195,309.906,"1,832.914"
0.5195 - 0.5234,635.745,"3,517.047"
0.5234 - 0.5273,293,"1,748.467"
0.5273 - 0.5313,618.667,"3,375.318"
0.5313 - 0.5352,247,"1,665"
0.5352 - 0.5391,259.953,"3,414.173"
0.5391 - 0.5430,512,"1,682.42"
0.5430 - 0.5469,253,"3,283.918"
0.5469 - 0.5508,508.514,"1,573.29"
0.5508 - 0.5547,248.843,"3,243.612"
0.5547 - 0.5586,238,"1,625.592"
0.5586 - 0.5625,426,"3,158"
0.5625 - 0.5664,209.698,"1,493.694"
0.5664 - 0.5703,404,"2,977.192"
0.5703 - 0.5742,180,"1,490.239"
0.5742 - 0.5781,200,"2,899.322"
0.5781 - 0.5820,387.475,"1,438.808"
0.5820 - 0.5859,186,"2,800.439"
0.5859 - 0.5898,356.608,"1,354.471"
0.5898 - 0.5938,181.588,"2,691.02"
0.5938 - 0.5977,147,"1,219.631"
0.5977 - 0.6016,271,"2,440.992"
0.6016 - 0.6055,144,"1,188.898"
0.6055 - 0.6094,247.443,"2,357.412"
0.6094 - 0.6133,117,"1,141.675"
0.6133 - 0.6172,118,"2,214.933"
0.6172 - 0.6211,187,"1,140.82"
0.6211 - 0.6250,98,"2,134.663"
0.6250 - 0.6289,156.565,"1,035.447"
0.6289 - 0.6328,72,"2,168.553"
0.6328 - 0.6367,74,959
0.6367 - 0.6406,136,"2,245.545"
0.6406 - 0.6445,54,"1,026"
0.6445 - 0.6484,97.773,"2,232.369"
0.6484 - 0.6523,48,"1,171"
0.6523 - 0.6563,53.922,"2,586.875"
0.6563 - 0.6602,71.639,"1,670.89"
0.6602 - 0.6641,23.714,"16,197.133"
0.6641 - 0.6680,49.808,
0.6680 - 0.6719,30,
0.6719 - 0.6758,24,
0.6758 - 0.6797,25.788,
0.6797 - 0.6836,2,
0.6836 - 0.6875,18,
0.6875 - 0.6914,9,
0.6914 - 0.6953,11.976,
0.6953 - 0.6992,21,
0.6992 - 0.7031,7,
0.7031 - 0.7070,15.682,
0.7070 - 0.7109,54.361,
