ano,semestre,status,total_cc_lt_70,apos_blacklist,zero_cloud,com_mascara,asset,conta,task_id
2000,1,exportando,24,6,2,4,projects/mapbiomas-brazil/assets/LAND-COVER/COLLECTION-11/GENERAL/SAMPLES/CAATINGA/ASTER/ASTER_QualityMosaic_2000_semestre_1_INT32,superconta,IGSF446CXV32Z76REFNJXYH4
2000,2,exportando,154,87,10,77,projects/mapbiomas-brazil/assets/LAND-COVER/COLLECTION-11/GENERAL/SAMPLES/CAATINGA/ASTER/ASTER_QualityMosaic_2000_semestre_2_INT32,superconta,7B6E6AXCOW5IWF2QHR6GPNWE
2001,1,exportando,232,84,9,75,projects/mapbiomas-brazil/assets/LAND-COVER/COLLECTION-11/GENERAL/SAMPLES/CAATINGA/ASTER/ASTER_QualityMosaic_2001_semestre_1_INT32,superconta,VJDZPB4UNPTIDACLPXVC5ZKQ
2001,2,exportando,130,40,7,33,projects/mapbiomas-brazil/assets/LAND-COVER/COLLECTION-11/GENERAL/SAMPLES/CAATINGA/ASTER/ASTER_QualityMosaic_2001_semestre_2_INT32,superconta,IPP3LCHFRKXJGP7VKYV4ATE4
2002,1,exportando,25,23,0,23,projects/mapbiomas-brazil/assets/LAND-COVER/COLLECTION-11/GENERAL/SAMPLES/CAATINGA/ASTER/ASTER_QualityMosaic_2002_semestre_1_INT32,superconta,IKU2UQYK4T3B2FY3BEZXC6AE
2002,2,exportando,44,17,4,13,projects/mapbiomas-brazil/assets/LAND-COVER/COLLECTION-11/GENERAL/SAMPLES/CAATINGA/ASTER/ASTER_QualityMosaic_2002_semestre_2_INT32,superconta,XLAA2FLBPWUCFZA22QPKIQTC
2003,1,exportando,7,6,4,2,projects/mapbiomas-brazil/assets/LAND-COVER/COLLECTION-11/GENERAL/SAMPLES/CAATINGA/ASTER/ASTER_QualityMosaic_2003_semestre_1_INT32,superconta,KLBCTY5SNB56AWG7TTQGYIBC
2003,2,exportando,41,9,1,8,projects/mapbiomas-brazil/assets/LAND-COVER/COLLECTION-11/GENERAL/SAMPLES/CAATINGA/ASTER/ASTER_QualityMosaic_2003_semestre_2_INT32,superconta,RTQ2T4POB3NVAQ6TVFJWLUP4
2004,1,exportando,22,5,0,5,projects/mapbiomas-brazil/assets/LAND-COVER/COLLECTION-11/GENERAL/SAMPLES/CAATINGA/ASTER/ASTER_QualityMosaic_2004_semestre_1_INT32,superconta,V5BBMR646PGG2N2WUT4GI6DO
2004,2,exportando,4,1,0,1,projects/mapbiomas-brazil/assets/LAND-COVER/COLLECTION-11/GENERAL/SAMPLES/CAATINGA/ASTER/ASTER_QualityMosaic_2004_semestre_2_INT32,superconta,AYGZP5VH7I54BSJI6CYUK5O2
2005,1,exportando,1,1,0,1,projects/mapbiomas-brazil/assets/LAND-COVER/COLLECTION-11/GENERAL/SAMPLES/CAATINGA/ASTER/ASTER_QualityMosaic_2005_semestre_1_INT32,superconta,2MCNIMG6TE4CGFQ3JHJ6QH7J
2005,2,sem_cenas,0,0,0,0,projects/mapbiomas-brazil/assets/LAND-COVER/COLLECTION-11/GENERAL/SAMPLES/CAATINGA/ASTER/ASTER_QualityMosaic_2005_semestre_2_INT32,,
2006,1,exportando,38,11,3,8,projects/mapbiomas-brazil/assets/LAND-COVER/COLLECTION-11/GENERAL/SAMPLES/CAATINGA/ASTER/ASTER_QualityMosaic_2006_semestre_1_INT32,superconta,H6UXPWP3CYC2QWPYEBV7JD5J
2006,2,exportando,106,65,9,56,projects/mapbiomas-brazil/assets/LAND-COVER/COLLECTION-11/GENERAL/SAMPLES/CAATINGA/ASTER/ASTER_QualityMosaic_2006_semestre_2_INT32,superconta,CEYZXAMBF6FD62PADB53P74E
2007,1,exportando,90,33,2,31,projects/mapbiomas-brazil/assets/LAND-COVER/COLLECTION-11/GENERAL/SAMPLES/CAATINGA/ASTER/ASTER_QualityMosaic_2007_semestre_1_INT32,superconta,DEYMY7NNAGW4ESRVUEILAFJL
2007,2,exportando,31,25,2,23,projects/mapbiomas-brazil/assets/LAND-COVER/COLLECTION-11/GENERAL/SAMPLES/CAATINGA/ASTER/ASTER_QualityMosaic_2007_semestre_2_INT32,superconta,IESYUO5JGMAT45VWKTKGG3P3
2008,1,exportando,15,4,0,4,projects/mapbiomas-brazil/assets/LAND-COVER/COLLECTION-11/GENERAL/SAMPLES/CAATINGA/ASTER/ASTER_QualityMosaic_2008_semestre_1_INT32,superconta,GCNKIT2QNMEWW5DVB3W7XYMM
2008,2,exportando,13,2,2,0,projects/mapbiomas-brazil/assets/LAND-COVER/COLLECTION-11/GENERAL/SAMPLES/CAATINGA/ASTER/ASTER_QualityMosaic_2008_semestre_2_INT32,superconta,UCKEYSIIIKECBSQVO7ORWD6V
2009,1,exportando,197,134,6,128,projects/mapbiomas-brazil/assets/LAND-COVER/COLLECTION-11/GENERAL/SAMPLES/CAATINGA/ASTER/ASTER_QualityMosaic_2009_semestre_1_INT32,superconta,S5FV7TJH23CO5V4NA2P6OYTC
2009,2,exportando,128,78,13,65,projects/mapbiomas-brazil/assets/LAND-COVER/COLLECTION-11/GENERAL/SAMPLES/CAATINGA/ASTER/ASTER_QualityMosaic_2009_semestre_2_INT32,superconta,PCZHLQK3LE4MMSVDJ5YOTGOQ
2010,1,exportando,257,163,27,136,projects/mapbiomas-brazil/assets/LAND-COVER/COLLECTION-11/GENERAL/SAMPLES/CAATINGA/ASTER/ASTER_QualityMosaic_2010_semestre_1_INT32,superconta,2XKQY3GJA3Z7PK4VDMN4EPEA
2010,2,exportando,142,98,20,78,projects/mapbiomas-brazil/assets/LAND-COVER/COLLECTION-11/GENERAL/SAMPLES/CAATINGA/ASTER/ASTER_QualityMosaic_2010_semestre_2_INT32,superconta,GUZAXYY4YNVISOFKU6FBMH6O
2011,1,exportando,158,116,6,110,projects/mapbiomas-brazil/assets/LAND-COVER/COLLECTION-11/GENERAL/SAMPLES/CAATINGA/ASTER/ASTER_QualityMosaic_2011_semestre_1_INT32,superconta,DDUQJNCRS6KGGWZVK6UCHFTH
2011,2,exportando,56,41,0,41,projects/mapbiomas-brazil/assets/LAND-COVER/COLLECTION-11/GENERAL/SAMPLES/CAATINGA/ASTER/ASTER_QualityMosaic_2011_semestre_2_INT32,superconta,LQPHVP62TLW2GNKREVAHEYY2
2012,1,exportando,45,33,0,33,projects/mapbiomas-brazil/assets/LAND-COVER/COLLECTION-11/GENERAL/SAMPLES/CAATINGA/ASTER/ASTER_QualityMosaic_2012_semestre_1_INT32,superconta,TXG5JFOZY5VOYD46U62IDTGF
2012,2,exportando,32,19,17,2,projects/mapbiomas-brazil/assets/LAND-COVER/COLLECTION-11/GENERAL/SAMPLES/CAATINGA/ASTER/ASTER_QualityMosaic_2012_semestre_2_INT32,superconta,LW7XPMNCY5MRWDRXKHQJWDM4
2013,1,exportando,70,57,5,52,projects/mapbiomas-brazil/assets/LAND-COVER/COLLECTION-11/GENERAL/SAMPLES/CAATINGA/ASTER/ASTER_QualityMosaic_2013_semestre_1_INT32,superconta,CJFG536Y3OMERBAO5HTDYUCN
2013,2,exportando,108,93,30,63,projects/mapbiomas-brazil/assets/LAND-COVER/COLLECTION-11/GENERAL/SAMPLES/CAATINGA/ASTER/ASTER_QualityMosaic_2013_semestre_2_INT32,superconta,SENVZ2YNCCADM27AUHXNLZDH
2014,1,exportando,56,40,4,36,projects/mapbiomas-brazil/assets/LAND-COVER/COLLECTION-11/GENERAL/SAMPLES/CAATINGA/ASTER/ASTER_QualityMosaic_2014_semestre_1_INT32,superconta,IW4FUNU2IAMLIOQY3ZJFI4WB
2014,2,exportando,86,70,19,51,projects/mapbiomas-brazil/assets/LAND-COVER/COLLECTION-11/GENERAL/SAMPLES/CAATINGA/ASTER/ASTER_QualityMosaic_2014_semestre_2_INT32,superconta,377HIORIWCNZVHJM23LNJHK2
2015,1,exportando,187,63,11,52,projects/mapbiomas-brazil/assets/LAND-COVER/COLLECTION-11/GENERAL/SAMPLES/CAATINGA/ASTER/ASTER_QualityMosaic_2015_semestre_1_INT32,superconta,HGJITJI2M4LBOFDHZXVBOVJ3
2015,2,exportando,228,96,28,68,projects/mapbiomas-brazil/assets/LAND-COVER/COLLECTION-11/GENERAL/SAMPLES/CAATINGA/ASTER/ASTER_QualityMosaic_2015_semestre_2_INT32,superconta,NRPW2VUHILEMQVKU4S6T2PGY
2016,1,exportando,210,23,1,22,projects/mapbiomas-brazil/assets/LAND-COVER/COLLECTION-11/GENERAL/SAMPLES/CAATINGA/ASTER/ASTER_QualityMosaic_2016_semestre_1_INT32,superconta,EL5EKDP3H7HQVQ7I3PM43DL5
2016,2,exportando,158,92,21,71,projects/mapbiomas-brazil/assets/LAND-COVER/COLLECTION-11/GENERAL/SAMPLES/CAATINGA/ASTER/ASTER_QualityMosaic_2016_semestre_2_INT32,superconta,44KBH7X63P45NBMLQHQP6LAD
2017,1,exportando,235,53,6,47,projects/mapbiomas-brazil/assets/LAND-COVER/COLLECTION-11/GENERAL/SAMPLES/CAATINGA/ASTER/ASTER_QualityMosaic_2017_semestre_1_INT32,superconta,NQ4AEBNNYHJ67XLMZMS2PNDJ
2017,2,exportando,155,59,7,52,projects/mapbiomas-brazil/assets/LAND-COVER/COLLECTION-11/GENERAL/SAMPLES/CAATINGA/ASTER/ASTER_QualityMosaic_2017_semestre_2_INT32,superconta,NCTYQ4UZHRHDCRHB2666LJLI
2018,1,exportando,148,10,0,10,projects/mapbiomas-brazil/assets/LAND-COVER/COLLECTION-11/GENERAL/SAMPLES/CAATINGA/ASTER/ASTER_QualityMosaic_2018_semestre_1_INT32,superconta,LNIY5QIP72V6IKTNRO4S32MD
2018,2,exportando,218,78,7,71,projects/mapbiomas-brazil/assets/LAND-COVER/COLLECTION-11/GENERAL/SAMPLES/CAATINGA/ASTER/ASTER_QualityMosaic_2018_semestre_2_INT32,superconta,I3Y54I3KPUJXFZEKXNRILLMI
2019,1,exportando,239,83,7,76,projects/mapbiomas-brazil/assets/LAND-COVER/COLLECTION-11/GENERAL/SAMPLES/CAATINGA/ASTER/ASTER_QualityMosaic_2019_semestre_1_INT32,superconta,DEK6XXGDWTVP6RAXJLC4YTAT
2019,2,exportando,140,85,14,71,projects/mapbiomas-brazil/assets/LAND-COVER/COLLECTION-11/GENERAL/SAMPLES/CAATINGA/ASTER/ASTER_QualityMosaic_2019_semestre_2_INT32,superconta,ABH6ETVYPQYTMELKRTYZDHV4
2020,1,exportando,121,18,3,15,projects/mapbiomas-brazil/assets/LAND-COVER/COLLECTION-11/GENERAL/SAMPLES/CAATINGA/ASTER/ASTER_QualityMosaic_2020_semestre_1_INT32,superconta,IYJLUHZPMUI4KE2DGSRPJE7L
2020,2,exportando,189,121,17,104,projects/mapbiomas-brazil/assets/LAND-COVER/COLLECTION-11/GENERAL/SAMPLES/CAATINGA/ASTER/ASTER_QualityMosaic_2020_semestre_2_INT32,superconta,JANLR5KBDEW6CSCO7N7YBP2V
