B01,B02,B04,B05,B06,B07,B08,B09,B10,B11,B12,B13,B14,B3N,quality
2037,2182,567,500,370,414,304,331,11350,12610,13800,16140,16680,1231,11605
683,458,834,528,423,469,304,276,11740,12920,14010,16480,17180,1392,13136
2075,2150,701,556,423,497,369,386,10740,11850,12920,15200,15840,1445,10386
2100,2213,634,556,423,497,369,404,10700,11820,12900,15210,15790,1418,10281
1291,1186,634,584,449,524,347,386,11250,12540,13620,15990,16560,1044,11657
835,569,1134,611,555,524,304,331,11770,12920,14080,16470,17110,2007,14645
810,538,1001,639,502,497,304,331,11450,12570,13700,16090,16870,1713,13393
897,600,1365,666,633,688,433,367,11100,12240,13430,15710,16410,2324,17128
924,617,1035,667,555,524,347,313,11410,12510,13620,16030,16760,2062,14237
821,584,1132,693,580,606,346,330,11140,12200,13290,15720,16360,1790,16238
936,711,1234,695,660,690,412,349,11700,12980,14150,16450,17070,1927,14420
924,696,1234,695,607,607,390,368,11320,12510,13630,15920,16520,1847,13545
884,647,1099,721,580,661,411,330,11390,12610,14000,16180,16760,1336,15592
797,569,1434,722,687,635,390,331,11630,12820,13950,16300,16990,1847,14046
873,632,1134,722,634,635,412,368,11060,12220,13360,15760,16400,1793,12922
987,775,1401,722,687,800,542,404,12100,13330,14570,16890,17440,1981,15199
898,617,1501,722,687,800,456,423,11370,12450,13550,15990,16700,2623,14529
873,633,1135,723,608,662,412,368,11310,12480,13640,15910,16580,1874,13657
962,743,1368,723,687,718,434,368,11960,13240,14500,16770,17310,2089,15202
810,585,1001,723,634,662,412,386,11030,12040,13210,15560,16320,1741,12830
897,663,1332,749,685,661,411,312,11450,12690,13880,16120,16690,2031,17371
960,647,1299,749,659,633,390,349,11490,12800,14100,16310,16860,2057,17483
848,617,1234,750,660,635,412,386,11310,12410,13460,15890,16610,1713,13180
861,601,1202,751,608,662,412,349,11480,12610,13760,16180,16770,1767,13701
873,617,1302,751,740,745,477,405,11110,12120,13200,15620,16330,2356,14066
846,600,1232,777,659,661,390,330,11140,12300,13320,15760,16400,1870,16424
909,647,1565,777,738,716,433,349,11400,12710,13970,16190,16820,2217,17532
947,726,1432,777,764,716,476,367,11220,12410,13560,15870,16460,2057,16968
871,663,1265,777,685,716,455,385,11170,12370,13600,15840,16450,1843,16454
922,679,1365,777,712,743,433,404,11380,12590,13830,16150,16710,1923,17016
1000,680,1768,778,740,717,434,349,11850,13190,14250,16610,17270,3479,15561
899,680,1268,778,687,690,499,386,11480,12730,13850,16120,16700,1874,13990
949,727,1501,778,740,745,456,404,10970,12080,13230,15530,16150,2195,13444
962,696,1301,778,687,717,456,404,11040,12160,13300,15550,16220,2007,13394
886,633,1168,778,661,690,434,441,11080,12240,13390,15680,16370,1901,13302
897,647,1432,804,712,744,455,330,11600,12860,14060,16370,16880,1843,17215
960,678,1532,804,712,688,433,348,11260,12380,13560,15890,16510,3152,17668
871,600,1398,804,685,743,455,367,11330,12510,13800,16040,16610,1950,16942
897,615,1299,804,685,688,390,385,11360,12530,13680,16040,16690,2164,17446
871,615,1365,804,712,688,455,385,11270,12520,13640,15950,16640,1843,16603
909,647,1498,804,685,743,455,404,11160,12320,13580,15810,16470,2137,17028
949,632,1868,806,766,745,499,312,11810,13060,14220,16520,17240,3720,15503
1000,711,1902,806,766,745,456,368,12070,13310,14410,16780,17430,3774,15843
924,632,1735,806,740,745,456,368,11710,12820,13980,16360,17060,3319,15353
987,727,1434,806,740,745,456,404,11040,12130,13260,15640,16370,2569,13841
899,680,1402,806,766,745,477,423,11510,12690,13930,16200,16880,1821,13921
873,617,1235,806,713,662,434,441,11350,12510,13680,16070,16750,2062,14132
962,712,1335,806,713,745,521,460,11320,12380,13520,16220,16830,1982,13957
960,678,1831,832,817,743,476,367,11240,12350,13410,15820,16570,3285,17673
922,663,1498,832,791,826,498,404,11040,12240,13420,15700,16340,2271,16907
1025,696,1935,834,819,745,477,294,11930,13070,14260,16600,17220,3907,15552
1000,743,1468,834,740,772,477,423,11350,12560,13640,16050,16660,2248,14108
1177,949,1434,834,792,745,477,423,11110,12380,13540,15700,16240,2890,13894
899,649,1402,834,740,745,477,423,11890,13170,14430,16780,17320,2276,15378
924,664,1702,834,793,800,521,423,11090,12160,13270,15660,16420,3133,14264
848,633,1368,834,793,745,456,441,11440,12640,13810,16230,16860,1821,13774
962,759,1368,834,713,745,499,441,11240,12390,13480,15920,16480,2061,13771
1013,854,1335,834,740,800,586,441,11000,12100,13090,15540,16160,2008,13272
1114,917,1235,834,766,800,543,478,10030,10920,11880,14120,14770,2008,12220
922,694,1532,860,791,771,476,404,11470,12710,13930,16230,16810,2004,17367
1149,899,1432,860,791,798,520,422,11500,12750,13890,16300,16880,2057,17140
1023,805,1465,860,817,826,520,422,11390,12670,13780,16240,16860,2030,17111
1063,775,1701,861,792,772,499,386,11640,12830,13990,16310,16940,2890,15018
1101,869,1401,861,792,745,456,404,11520,12680,13880,16190,16840,2757,14650
1063,759,1768,861,792,828,499,404,11020,12150,13180,15560,16200,3345,13982
1088,775,1968,861,872,855,499,423,11500,12710,13810,16180,16820,3453,14787
949,680,1635,861,819,772,542,423,11280,12440,13560,15880,16460,2195,14029
949,617,1903,862,793,773,477,349,11900,13090,14260,16620,17270,3561,15825
899,649,1202,862,687,718,456,405,10750,11790,12820,15170,15750,1901,12716
1010,663,2164,888,870,854,476,349,11480,12760,13900,16250,16910,3873,17986
972,647,1831,888,791,826,520,385,11400,12540,13710,16090,16690,2832,17836
1010,726,2031,888,923,854,520,385,11380,12580,13790,16080,16650,3473,17861
1048,679,2098,888,923,854,520,385,11470,12730,13930,16230,16800,3873,17939
1048,742,2031,888,923,881,563,385,11400,12630,13830,16150,16710,3286,17907
960,694,1565,888,844,826,520,404,11480,12710,13840,16260,16900,2057,17438
1000,680,1935,889,845,800,477,349,11890,13110,14310,16590,17170,3693,15575
1000,680,1968,889,872,828,521,349,11810,13080,14270,16660,17300,3506,15482
1126,854,1668,889,845,772,499,404,11540,12690,13900,16240,16790,3399,14768
1063,806,1735,889,792,855,564,423,11670,12820,13990,16340,17010,3024,15098
1126,822,2002,889,951,910,586,423,10820,11990,13030,15240,15850,3586,13457
898,648,1368,889,819,717,477,441,11380,12580,13620,15970,16600,2061,14102
898,632,1268,889,766,745,477,441,11080,12020,13160,15510,16170,2088,13609
987,743,1368,889,819,855,542,459,11070,12120,13360,15610,16310,1873,13182
1037,775,1468,889,766,828,564,478,11500,12620,13770,16140,16640,2168,14242
1013,680,2036,890,898,828,499,368,11800,13140,14350,16610,17260,3883,15446
962,680,1936,890,793,800,499,386,11550,12670,13730,16130,16850,3642,15098
1038,1028,1435,890,793,718,521,405,11530,12630,13730,16240,16950,2062,14157
1051,791,1836,890,872,773,521,405,11450,12670,13810,16120,16760,3240,14854
886,617,1569,890,766,800,499,423,11470,12650,13770,16050,16700,2812,14872
1013,759,1736,890,925,800,521,441,11850,13210,14450,16710,17310,3187,15598
1025,712,2136,890,951,856,543,441,11750,12950,14110,16480,17060,4151,15185
1089,886,1368,890,872,856,564,478,10190,11220,12160,14480,15110,2089,12347
1025,823,1402,890,846,856,586,478,11240,12360,13530,15850,16340,1901,13595
1010,710,1998,915,870,854,498,367,11370,12730,13880,16180,16770,3366,17888
1023,757,1665,915,817,826,498,367,11420,12680,13820,16140,16710,2537,17644
972,678,1831,915,870,826,520,385,11150,12230,13420,15750,16390,2965,17412
1036,726,1998,915,870,826,541,385,11290,12530,13700,16040,16660,3366,17713
1048,742,2164,915,975,909,563,385,11460,12650,13850,16110,16840,3686,17910
1187,962,1465,915,791,798,476,403,11330,12590,13690,15990,16530,2351,17040
1036,757,1931,915,870,771,498,404,11380,12570,13700,16050,16630,3232,17866
1061,805,1665,915,844,826,541,404,11150,12390,13490,15800,16380,2778,17275
947,710,1532,915,791,744,498,422,11560,12920,14150,16400,16990,1950,17419
1099,805,1698,915,870,826,541,422,11310,12570,13730,16000,16570,2885,17601
973,726,1565,915,844,854,498,440,11330,12560,13700,16120,16670,2111,17186
1212,978,1532,915,817,826,585,459,11070,12220,13380,15660,16230,2297,16490
1126,743,2068,917,872,828,521,349,12250,13550,14770,17050,17540,4710,15606
1088,806,1868,917,924,855,542,368,11270,12460,13510,15880,16500,2864,14324
1050,759,2102,917,898,883,542,386,11690,12920,14100,16380,17020,3399,15181
974,648,2068,917,872,828,542,386,11750,13040,14130,16520,17210,3720,15364
1126,854,1635,917,819,772,499,441,11650,12810,13970,16350,17040,3345,14979
1088,822,1935,917,924,800,542,441,11730,12900,14090,16350,17060,3212,15211
1101,885,1568,917,819,855,521,459,11740,12820,14040,16270,16830,2141,14517
1227,917,1601,917,792,855,542,459,11230,12340,13480,15780,16410,3158,14120
1177,996,1735,917,872,910,586,478,10910,11960,13040,15290,15920,2275,13008
987,649,2203,918,925,883,521,386,11860,13110,14360,16600,17160,4124,15453
1114,870,1669,918,872,800,499,405,11360,12540,13630,16050,16650,3053,14615
987,728,1602,918,819,856,564,496,11490,12730,13830,16300,16940,2303,14531
1949,1661,1669,918,898,966,651,496,10480,11460,12390,14810,15540,2705,11084
947,710,1765,943,870,854,520,367,11540,12780,14090,16310,16880,2218,17702
1010,694,2098,943,896,853,498,385,11400,12590,13730,16080,16700,3633,17889
985,789,1698,943,949,798,498,385,11630,12860,13980,16360,16950,2297,17847
1099,820,1698,943,923,826,541,385,11390,12500,13690,16090,16720,2484,17431
1010,805,1498,943,1028,798,541,385,12030,13470,14630,17040,17530,1843,18079
1023,726,2164,943,949,854,563,385,11380,12670,13900,16170,16730,3526,17840
947,710,2031,943,896,881,520,403,11560,12650,13840,16220,16820,2831,18089
1010,742,1998,943,949,881,520,404,11440,12640,13950,16190,16750,3340,17986
1023,757,1965,943,923,799,541,404,11510,12720,13940,16190,16800,3152,18076
1010,742,2131,943,923,881,563,404,11500,12660,13860,16130,16770,3446,18067
1050,743,2202,945,872,855,521,349,11820,13030,14200,16520,17130,4282,15108
975,633,2170,945,925,911,521,386,12050,13280,14520,16840,17410,3856,15958
1038,759,1969,945,898,856,521,423,11690,12970,14180,16470,17030,3187,15310
1013,775,1836,945,872,856,543,423,11280,12420,13520,15900,16560,2731,14416
1013,712,1936,945,846,800,543,423,11260,12370,13510,15870,16530,3508,14550
1126,854,2002,945,924,855,542,441,11730,13010,14140,16500,17150,3426,15103
1063,790,2035,945,898,855,564,441,11770,12990,14130,16490,17170,3533,15249
1013,759,1469,945,793,800,564,441,11170,12340,13390,15770,16390,2142,13761
1088,822,1902,945,872,855,564,459,11100,12260,13330,15650,16280,3292,14057
1278,1012,1902,945,872,883,607,459,10640,11710,12770,15010,15680,3533,12864
1038,791,1469,945,846,883,586,478,11200,12360,13510,15820,16400,1928,13553
1113,885,1535,945,951,1021,672,478,11030,11980,13060,15430,16150,2168,13250
985,789,1731,971,843,798,520,367,11740,13060,14260,16650,17220,2164,17924
1073,773,1998,971,923,853,520,367,11310,12550,13670,15970,16650,3312,17691
998,726,2131,971,1002,881,541,385,11730,13150,14260,16610,17100,3393,18519
998,694,2264,971,923,936,606,385,11320,12510,13670,15960,16560,3740,17722
1023,726,2131,971,949,909,585,403,11460,12680,13890,16130,16810,3205,18019
998,742,1998,971,949,881,520,404,11690,13070,14220,16520,17070,2751,18279
1111,868,1665,971,870,826,541,404,11650,12950,14150,16500,17110,2271,17674
1023,694,2098,971,896,881,563,404,11280,12560,13670,16010,16540,3580,17680
1099,773,2198,971,949,909,563,404,11440,12650,13880,16160,16710,3660,17820
1048,742,2198,971,923,909,563,404,11410,12710,13830,16160,16770,3499,17871
1162,852,2198,971,975,964,563,404,11520,12880,14040,16280,16780,3713,17831
1061,805,1565,971,896,854,541,422,11140,12150,13310,15610,16230,2217,16797
1010,710,2064,971,923,909,563,422,11300,12380,13560,15930,16540,3045,17690
1061,757,2064,971,949,909,563,422,11360,12530,13870,16100,16650,3446,17771
1200,884,1798,971,870,909,585,422,11470,12800,13920,16200,16750,3153,17826
1124,852,2064,971,1002,936,606,422,11490,12820,14000,16270,16750,3339,17896
1250,963,1632,971,896,826,585,459,11020,12180,13310,15630,16260,2912,16825
1038,743,1903,973,872,828,521,386,11850,13050,14270,16500,17100,3187,15606
1075,806,2135,973,951,910,542,386,11730,13000,14120,16440,17060,3479,15168
1151,854,2068,973,898,855,564,404,11240,12460,13540,15870,16480,3399,14214
1113,822,2135,973,951,966,607,404,11780,13070,14160,16580,17140,3426,15234
975,680,2103,973,951,911,543,405,11600,12890,14090,16350,17000,3802,15136
1215,949,1903,973,898,911,586,405,11610,12820,13940,16280,16960,3535,14809
1126,854,2102,973,951,883,564,423,11430,12510,13700,15990,16580,3399,14570
1151,869,2035,973,951,938,607,423,12010,13310,14530,16880,17440,3613,15527
1101,980,1601,973,872,883,607,423,11880,12960,14020,16550,17260,2221,14794
1113,790,2035,973,898,883,542,441,11750,12850,14100,16390,17070,3533,15186
1101,759,2236,973,951,911,564,441,11930,13220,14400,16710,17210,3722,15598
1037,759,2268,973,977,910,586,459,12040,13300,14530,16900,17510,3479,15797
1177,869,2168,973,951,938,607,459,11270,12460,13590,15900,16530,3533,14203
1278,996,1935,973,951,883,651,459,10670,11750,12820,15060,15670,3533,12934
937,664,1402,973,951,856,564,478,11130,12240,13360,15790,16440,2008,13645
1164,901,2068,973,898,938,607,478,11940,13180,14370,16700,17290,3479,15396
1177,933,1635,973,819,883,586,533,10620,11720,12840,15070,15680,2703,12881
998,726,2131,998,949,909,541,385,11450,12710,13950,16230,16800,3259,18017
1048,726,2131,998,949,853,563,385,11400,12580,13720,16060,16650,3526,17863
1061,820,2131,998,949,936,585,403,11360,12520,13760,16110,16720,3446,17703
1061,773,1632,998,923,854,563,422,11240,12370,13670,15890,16530,2297,17067
985,789,1731,998,923,936,606,422,12020,13390,14590,16890,17470,2084,18352
1010,726,2131,998,1002,909,606,422,11270,12430,13630,15950,16540,3312,17705
1036,694,2264,998,949,936,628,422,11400,12530,13780,16100,16730,3954,17767
1200,868,1731,998,1081,881,563,440,11080,12200,13290,15680,16320,3072,17132
1187,899,2098,998,949,909,606,440,11430,12620,13770,16050,16670,3553,17648
1111,742,1998,999,949,909,520,385,11520,12830,14020,16150,16800,3553,18019
1099,773,2131,999,1002,909,563,385,11360,12550,13650,15980,16580,3634,17683
1061,805,1765,999,923,826,541,404,11580,12860,14000,16310,16900,2351,17709
1061,836,1832,999,976,909,585,440,11620,12820,14120,16380,16970,2378,17787
987,680,2035,1000,872,855,586,386,12630,14000,15180,17440,17920,3560,16951
1126,743,2268,1000,977,910,586,404,11810,13020,14230,16530,17160,3800,15264
1164,869,2202,1000,1004,938,607,404,11450,12680,13830,16070,16640,3720,14483
1139,838,2135,1000,924,883,564,423,11860,13090,14200,16570,17260,3479,15333
1164,869,2002,1000,977,910,564,423,12030,13330,14540,16900,17480,3720,15527
1139,854,2068,1000,951,966,586,459,11390,12580,13840,16120,16650,3560,14449
1189,901,2068,1000,1004,938,607,478,11610,12690,13790,16110,16770,3854,14687
1151,917,2168,1000,1004,938,629,478,11650,12920,14210,16410,17000,3105,14957
1227,949,2135,1000,1030,993,672,478,11080,12260,13400,15590,16180,3934,13640
1265,964,2068,1000,1004,966,672,515,10960,12020,13100,15330,15910,3506,13503
1101,901,1601,1000,872,993,694,533,11920,13270,14470,16790,17250,1873,14556
1114,791,2069,1001,951,883,564,423,11440,12540,13800,16140,16750,3561,14719
987,696,2236,1001,1031,966,608,423,11800,12970,14230,16520,17120,3079,15509
1000,743,1535,1001,925,911,608,460,10490,11400,12370,14710,15350,2115,12554
1063,807,1969,1001,1057,1021,608,478,10990,12000,12980,15420,16130,3936,13816
1114,949,1636,1001,978,1021,695,515,10780,11950,13050,15410,15970,2115,12815
1099,805,2098,1026,949,854,563,385,11280,12600,13740,16080,16630,3527,17534
998,757,1698,1026,896,881,520,403,11490,12730,13890,16250,16780,1843,17077
1073,742,2297,1026,975,964,563,404,11330,12620,13730,16000,16650,3499,17713
1263,884,2198,1026,923,936,585,404,11680,13000,14300,16520,17100,3633,18052
1073,742,2198,1026,949,936,585,404,11440,12780,13870,16130,16720,3526,17904
1124,836,2231,1026,1002,936,585,422,11410,12610,13690,16070,16690,3633,17692
1010,773,1631,1026,923,909,585,422,11440,12580,13770,16090,16630,2110,17312
1048,742,2264,1026,923,909,585,422,11320,12570,13550,15970,16600,4007,17561
1540,1720,1731,1026,949,909,628,422,11830,13070,14310,16590,17210,2537,16999
1023,757,1831,1026,1002,1019,650,422,11360,12550,13780,16030,16610,2618,17599
1099,773,2198,1026,1054,991,585,440,11540,12860,14070,16360,16920,3473,18050
1174,868,1964,1026,1002,991,606,440,11180,12270,13420,15780,16400,3392,17280
1023,773,1998,1026,1002,964,606,440,11370,12510,13790,16090,16640,2592,17587
1137,789,1965,1026,975,964,606,440,11430,12750,13830,16150,16740,3125,17901
1137,836,2164,1026,1002,1046,628,440,11580,12870,14140,16390,16910,3259,18088
1048,805,1698,1026,923,936,736,440,11110,12320,13520,15790,16330,2137,16682
1048,757,2131,1026,1002,936,585,459,11480,12710,13910,16180,16820,3259,18041
1035,805,1765,1026,923,1019,606,459,11100,12160,13370,15700,16270,2190,16729
1074,821,1665,1026,976,936,628,459,10950,12120,13230,15520,16170,2218,16432
1137,868,1632,1026,896,936,541,477,11420,12600,13810,16090,16680,2191,17158
1086,836,1598,1026,923,991,585,477,11350,12650,13810,16080,16610,2030,16948
1240,1028,2469,1028,1109,1021,672,404,12280,13560,14890,17110,17750,4175,15642
1139,901,2168,1028,977,910,586,423,12090,13410,14590,16880,17510,3453,15687
1240,869,2168,1028,977,910,586,423,11700,12970,14060,16510,17100,4041,14801
1189,885,2168,1028,1004,966,607,423,11470,12740,13910,16220,16800,3693,14496
1101,854,2102,1028,977,938,607,423,11830,13050,14240,16580,17190,3185,15357
1101,759,2068,1028,924,883,586,441,11900,13070,14260,16600,17140,3961,15377
1139,885,2135,1028,1083,966,629,441,11830,13120,14360,16640,17290,2998,15334
1177,885,2002,1028,977,938,607,459,10690,11830,12920,15220,15850,3506,13149
1215,949,2235,1028,1004,966,672,459,11840,13120,14320,16670,17210,3613,15103
1177,869,2102,1028,951,966,586,478,11710,13000,14250,16560,17150,3479,15009
1189,838,2068,1028,1004,1048,607,478,11570,12680,13810,16180,16880,4791,14251
1139,885,2068,1028,951,910,607,478,11280,12440,13560,15840,16410,3453,14246
1316,1154,1535,1028,951,966,694,533,10860,11940,12980,15280,15900,2248,12672
1101,933,1903,1029,1057,883,629,423,11700,12970,14110,16420,17080,2356,14717
1038,791,2203,1029,1031,966,651,423,11850,13110,14380,16700,17290,3320,15561
1139,838,2136,1029,978,938,608,460,11070,12320,13410,15710,16390,3910,13893
1063,759,2336,1029,1057,994,608,478,11700,12840,14070,16400,16940,4177,15034
1203,965,1636,1029,925,938,629,478,10860,12120,13180,15500,15990,2383,13106
1114,838,2069,1029,951,883,608,496,11470,12570,13740,16150,16810,3776,14665
1177,870,2203,1029,1031,966,651,496,11420,12590,13750,16170,16740,4338,14318
1279,1076,1769,1029,1004,1076,738,515,11410,12470,13630,16030,16710,2731,14229
1000,775,1602,1029,951,911,651,533,11210,12300,13220,15710,16350,2169,13865
1048,868,2164,1054,1002,991,606,403,11500,12650,13800,16170,16810,2911,17923
1200,868,2297,1054,1028,936,606,403,11570,12770,13980,16330,16980,4007,17801
1086,742,2397,1054,1054,1046,628,404,11520,12730,13970,16270,16860,4007,17900
1073,805,2064,1054,949,909,585,422,11590,12840,13980,16310,16910,3286,18168
1099,773,2331,1054,1054,964,606,422,11570,12930,14190,16380,16940,3686,18047
1099,900,2231,1054,1028,991,606,422,11770,13140,14410,16630,17160,3126,18415
1149,852,2064,1054,975,1019,628,422,11510,12730,13960,16250,16880,3499,17877
1137,852,2297,1054,1028,1019,628,422,11170,12290,13530,15830,16380,3660,17229
1099,821,2165,1054,1028,964,628,422,11520,12830,13970,16270,16840,3366,17990
1086,805,2364,1054,1134,1019,671,440,11590,12790,14040,16310,16960,3553,18092
1175,868,1632,1054,949,936,606,459,11230,12450,13510,15840,16470,2298,16875
1175,994,1865,1054,1028,991,606,459,11390,12580,13830,16070,16640,2271,17072
922,694,1631,1054,1054,853,671,459,10900,11920,13030,15390,16050,2217,16590
1313,1041,2031,1054,1028,991,628,477,11500,12730,13930,16200,16740,3499,17570
1326,1010,1765,1054,976,964,628,477,11310,12610,13800,16040,16560,2592,17051
1010,805,1765,1054,1002,991,649,477,11040,12120,13180,15570,16090,2190,16650
1086,836,1665,1054,1002,964,585,495,11430,12720,13950,16100,16720,2111,17172
1174,994,1731,1054,1002,964,606,495,11210,12470,13710,16040,16600,2404,16868
1063,696,2335,1056,1030,938,564,368,11940,13180,14410,16660,17250,4148,15417
1392,885,2469,1056,1083,966,607,404,12080,13350,14570,16930,17400,4068,15378
1265,1059,2135,1056,1056,910,586,423,12050,13310,14380,16850,17470,3158,15391
1202,949,2135,1056,951,993,607,441,11520,12670,13940,16250,16830,3533,14555
1177,901,2335,1056,1004,1021,607,459,12320,13560,14810,17160,17760,4175,15879
1177,885,2135,1056,1004,966,629,459,11760,12970,14190,16480,17010,4068,14920
1164,869,2135,1056,924,993,629,459,11430,12670,13950,16250,16780,2783,14445
1113,901,2335,1056,1109,1076,694,459,12140,13320,14520,16900,17510,3372,15811
1151,822,2135,1056,1004,938,629,496,11650,12760,13930,16310,16990,3907,14848
1164,980,2068,1056,1004,1076,672,496,12100,13350,14550,17010,17590,2623,15469
1189,901,2235,1056,1030,1021,672,496,11820,13090,14370,16640,17230,3881,15058
1139,902,2103,1057,978,911,586,405,12110,13440,14700,16970,17490,3320,15855
1165,902,2069,1057,1004,966,629,460,10950,12190,13290,15540,16160,3374,13740
1000,807,1636,1057,951,938,586,478,11210,12330,13590,15900,16510,1874,13552
1165,870,2336,1057,1057,1021,629,478,11780,12980,14240,16540,17110,4124,15062
1063,775,2336,1057,1031,1021,651,478,11220,12280,13480,15830,16580,3856,14287
1152,933,2170,1057,1031,938,629,496,10890,12060,13120,15410,16100,3695,13522
1165,870,2303,1057,1057,1021,651,496,11290,12590,13730,15970,16610,4070,14196
1203,981,1669,1057,951,1242,803,625,10540,11640,12730,14990,15600,2089,12244
1200,836,2265,1082,1055,964,606,385,11490,12820,14100,16260,16830,3794,17750
1061,852,2164,1082,1054,1074,649,385,11690,13020,14170,16460,17000,3259,18311
1200,884,2397,1082,1081,1019,628,404,11700,12920,14150,16520,17060,3473,18165
1326,915,2131,1082,1002,936,541,422,11620,12940,14220,16470,17020,3687,17861
1276,994,2364,1082,1107,1019,606,422,11550,12870,14030,16320,16910,3393,17757
1137,836,2298,1082,1081,1019,606,422,11420,12840,14020,16280,16810,3660,17696
1213,884,2231,1082,1002,936,606,422,11340,12600,13760,16010,16680,3901,17394
1111,805,2231,1082,1081,964,628,422,11420,12680,13870,16160,16730,3153,17873
1073,742,2431,1082,1081,1019,628,422,11600,12850,14070,16370,16930,3686,18148
1200,931,2064,1082,975,1019,649,422,11370,12630,13770,16160,16700,2618,17342
1099,852,2064,1082,1002,964,649,422,11310,12510,13590,15960,16610,2778,17499
1136,884,2164,1082,1054,936,585,440,11400,12590,13790,16120,16640,3205,17726
1174,884,1998,1082,1028,936,628,440,11360,12610,13840,15990,16590,3393,17587
1099,820,2264,1082,1054,991,628,440,11510,12690,13890,16200,16790,3846,17844
1061,757,1898,1082,923,991,628,440,11420,12670,13960,16200,16710,2324,17424
1200,915,2031,1082,976,909,585,459,11350,12670,13830,16040,16610,3660,17452
1162,868,2298,1082,1028,936,606,459,11290,12500,13630,16010,16650,4462,17126
1086,789,2231,1082,1028,1019,606,459,11330,12410,13660,15940,16560,3552,17641
947,773,1731,1082,975,936,606,459,11390,12510,13700,16100,16640,1790,16787
1250,915,1732,1082,976,936,585,477,11240,12380,13530,15810,16340,2752,17172
1124,852,2031,1082,1107,936,606,477,11120,12430,13520,15810,16430,2832,17171
1212,947,2297,1082,1028,1074,650,477,11450,12730,13950,16220,16790,3393,17662
1364,1026,1998,1082,1028,1046,671,477,11220,12420,13620,15820,16340,3472,17023
1124,868,1665,1082,923,964,606,514,11270,12490,13730,15970,16500,2190,16902
1111,868,1698,1082,949,1074,671,514,11150,12410,13530,15880,16390,2164,16674
1263,994,1731,1082,1028,1046,693,532,11180,12330,13500,15860,16380,2618,16906
1114,854,2437,1084,1083,1049,629,386,12190,13520,14790,16960,17450,3079,16122
1114,996,2236,1084,1083,966,651,386,11990,13290,14480,16760,17370,2999,15629
1101,838,2270,1084,1004,966,629,423,11520,12810,13970,16280,16920,3454,14848
1303,885,2369,1084,1083,1021,629,423,11480,12650,13860,16090,16660,3827,14415
1266,917,2537,1084,1110,1076,651,441,12170,13490,14700,17090,17630,4231,15627
1215,933,2302,1084,1109,993,629,459,11860,13180,14410,16710,17220,3667,15142
1303,1217,1902,1084,1056,1076,672,459,12640,14030,15350,17600,18120,2757,16164
962,712,1969,1084,1083,994,629,460,13160,14830,16290,18330,18670,2838,17583
1139,823,2270,1084,1057,994,651,460,11740,12960,14140,16530,17060,3936,15108
1113,854,2135,1084,1030,993,651,496,12010,13170,14320,16800,17310,3533,15586
1164,854,2402,1084,1162,1103,694,515,11560,12760,13870,16120,16780,4496,14400
1061,820,2231,1109,1028,936,606,403,11710,12960,14150,16510,17070,3339,18360
1162,868,2364,1109,1054,991,650,404,11630,12890,14150,16370,16970,3713,18012
1200,994,1831,1109,1002,909,628,422,11430,12700,13770,16170,16710,2831,17581
1111,884,1798,1109,1002,991,628,422,11670,12950,14130,16430,17030,2137,17576
1061,789,2464,1109,1133,991,649,422,11340,12510,13640,15950,16640,4033,17539
1313,978,2331,1109,1107,1019,649,422,11410,12790,13900,16240,16810,4140,17297
1073,836,2231,1109,1081,1046,671,422,11740,13010,14160,16510,17080,2911,18372
1149,852,2464,1109,1160,1129,671,422,11550,12760,13900,16280,16970,3793,17870
960,726,1532,1109,923,798,520,440,11150,12300,13350,15720,16430,1977,16746
1162,899,1931,1109,1002,936,585,440,11850,13180,14270,16790,17310,2644,18281
1086,805,2197,1109,975,936,606,440,11500,12690,13950,16270,16810,3392,17972
1187,899,2297,1109,1081,1019,628,440,11260,12520,13720,15990,16630,3232,17423
1124,884,2331,1109,1054,991,649,440,11400,12570,13700,16040,16680,3686,17610
1237,994,2131,1109,1054,1019,693,440,11060,12250,13330,15680,16260,2885,16877
1162,915,2331,1109,1160,1019,671,459,11790,12980,14180,16600,17110,2885,18345
1162,931,2197,1109,1107,1046,693,459,11490,12790,13940,16260,16890,3259,17811
1162,821,2364,1110,1107,1046,650,404,11570,12810,14010,16310,16800,3607,17983
1162,868,2431,1110,1107,1019,650,422,11670,12950,14120,16400,17060,3687,18091
973,742,2031,1110,1081,991,650,422,11270,12480,13660,15940,16540,2378,17308
1099,821,2331,1110,1081,991,628,440,11510,12760,13970,16300,16890,3527,17931
1137,915,1998,1110,1081,1019,671,440,11040,12340,13470,15720,16280,2859,17001
1225,994,1632,1110,1002,991,606,495,10830,11940,13040,15180,15690,2244,15987
1061,821,1599,1110,976,1046,628,495,10780,11840,12970,15320,15940,2244,16165
1048,773,1798,1110,1055,1046,671,495,11240,12430,13590,15960,16520,2324,17105
1265,933,2669,1112,1056,1076,651,441,12490,14010,15260,17530,18050,4095,16128
1101,885,2369,1112,1056,1021,672,441,12120,13360,14630,16900,17520,3292,15819
1253,1012,2302,1112,1056,1048,672,459,11240,12370,13580,15900,16580,3854,13871
1164,933,2469,1112,1136,1048,694,459,12110,13370,14490,16910,17540,3640,15627
1228,981,2336,1112,1110,1021,651,478,11260,12350,13510,15840,16500,4204,13952
1038,775,2503,1112,1110,1049,695,478,11720,12870,14080,16470,17130,4017,15154
1203,949,2270,1112,1057,994,695,478,11410,12690,13910,16110,16650,3481,14470
1165,902,2203,1112,1004,994,695,478,11170,12390,13440,15830,16420,3695,14052
1177,1044,1702,1112,978,1049,695,478,10930,12060,13190,15510,16110,2035,12885
1127,838,2503,1112,1136,1049,695,478,11630,12810,13980,16350,16940,3642,14982
1291,964,2302,1112,1056,966,629,496,11400,12590,13780,16050,16610,4041,14135
1190,823,2437,1112,1057,1049,673,496,11290,12510,13650,15960,16500,4124,14216
1190,854,2303,1112,1136,1076,673,496,11590,12850,14030,16360,16940,4097,14730
1126,885,1935,1112,1030,966,694,496,11060,12220,13300,15710,16260,2757,13788
1051,886,2170,1112,1110,1076,738,496,11560,12670,13830,16160,16840,2892,14915
1139,886,2336,1112,1057,1021,651,515,11300,12510,13660,15960,16590,3722,14309
1190,996,1702,1112,1004,1021,695,515,11070,12190,13370,15710,16350,2008,13121
1417,1154,2202,1112,1083,1021,716,515,10450,11420,12540,14750,15430,3560,12328
1279,996,2303,1112,1110,1076,738,533,11190,12500,13610,15860,16540,3883,13875
1506,1249,2002,1112,1056,1076,759,606,9610,10560,11540,13670,14230,3399,12101
1061,868,2264,1137,1133,1101,671,403,11710,12950,14150,16490,17090,2671,18170
1250,884,2397,1137,1107,991,650,404,11620,12890,14200,16360,16900,3419,18007
1263,915,2464,1137,1134,1046,671,404,11470,12830,14030,16310,16820,3954,17552
1099,805,2398,1137,1134,1074,671,404,11600,12910,14100,16350,16960,3553,18103
1187,884,2464,1137,1133,1074,649,422,11390,12590,13780,16080,16650,3659,17565
1237,931,2331,1137,1054,1046,649,422,11600,12800,14050,16320,16990,3526,17900
1250,1010,2265,1137,1134,1046,650,422,11560,12890,14070,16370,16890,3179,17784
1314,1026,2431,1137,1160,1046,671,440,11370,12810,13970,16220,16730,3580,17331
1149,821,2331,1137,1081,1074,671,440,11670,12990,14230,16530,17020,3499,18199
1250,978,2464,1137,1160,1101,693,440,11780,13180,14460,16660,17160,3232,18220
1174,931,2364,1137,1107,1046,693,440,11530,12760,13960,16270,16910,3259,17876
1276,947,2431,1137,1160,1074,693,440,11600,12900,14130,16280,16960,3473,17876
1073,821,2497,1137,1160,1129,693,440,11610,12960,14240,16490,17060,3419,18153
1288,1073,2331,1137,1134,1074,693,440,11320,12510,13730,15980,16640,3420,17247
1099,836,2431,1137,1160,1156,714,440,11750,13140,14410,16660,17110,2564,18135
1149,821,2397,1137,1107,1101,650,459,11240,12520,13710,15970,16560,4141,17245
1137,852,2331,1137,1081,1074,650,459,11550,12780,13950,16270,16800,3713,17899
1111,789,2497,1137,1134,1074,650,459,11650,12960,14180,16400,17000,3820,18130
1048,899,1831,1137,1054,1129,671,459,12020,13400,14470,16970,17420,1763,17875
1023,820,1998,1137,1081,1046,671,459,11810,13240,14420,16780,17310,2644,18395
1048,836,2031,1137,1054,1019,693,459,11570,12820,13990,16300,16760,2564,17865
1187,963,1931,1137,1028,1046,693,459,11320,12590,13700,16020,16650,2538,17183
1073,947,2064,1137,1107,1129,693,459,12290,13650,14900,17100,17620,2618,19117
1099,852,2131,1137,1107,1019,693,459,11530,12800,14010,16300,16870,2885,17972
1061,884,2197,1137,1081,1074,714,459,11810,13110,14320,16650,17140,2671,18341
1187,994,2331,1137,1160,1184,779,459,11550,12760,13900,16260,16850,2724,17729
1301,1104,2031,1137,1081,1101,779,477,11290,12420,13650,15880,16420,2938,17093
1200,994,2031,1137,1081,1074,693,495,11190,12400,13460,15780,16330,2351,16759
1048,773,1965,1137,1028,1156,736,495,11700,13150,14460,16580,17030,2110,17736
1301,1215,2198,1137,1160,1046,671,514,11380,12550,13720,16070,16690,2992,17149
1149,900,1898,1137,1028,964,628,532,11170,12280,13460,15780,16410,2244,16728
1253,1217,2302,1139,1136,1076,716,441,11710,12870,14040,16430,17080,3372,14631
1240,917,2302,1139,1109,1048,672,459,11350,12530,13710,15990,16590,3693,14219
1126,901,2435,1139,1162,1076,694,478,11770,13000,14160,16540,17200,3319,15152
1189,949,2335,1139,1109,1048,694,496,11110,12170,13400,15640,16270,3399,13859
1328,1075,2369,1139,1162,1076,716,496,10920,12060,13190,15350,15930,3586,13260
1354,1091,2402,1139,1162,1103,716,496,11080,12210,13380,15620,16170,3827,13453
1354,1186,2102,1139,1136,1103,738,515,10940,12210,13370,15610,16210,2810,13076
1164,869,2135,1139,1188,1159,781,515,11110,12270,13380,15700,16320,3319,13976
1113,917,1801,1139,1109,1076,738,533,11490,12480,13540,15970,16600,2114,14010
1164,949,1568,1139,977,1159,738,551,10780,11820,12870,15130,15840,2061,12606
1215,933,2470,1140,1057,1049,673,423,12360,13660,15030,17250,17720,3802,16104
1038,870,2303,1140,1136,1021,695,423,12010,13440,14590,16800,17280,2651,15617
1266,949,2437,1140,1083,1076,673,441,11620,12960,14100,16360,17010,4097,14644
1190,965,2503,1140,1163,1104,673,441,12180,13590,14850,17180,17690,3508,15839
1165,933,2503,1140,1163,1076,738,441,12110,13440,14700,16880,17450,3026,15862
1114,838,2370,1140,1110,1076,673,460,11580,12820,14030,16250,16890,3401,14962
1152,886,2403,1140,1189,1104,695,460,12490,13950,15310,17490,18000,3106,16601
1076,759,2437,1140,1136,1076,695,478,11890,13160,14370,16780,17430,3749,15533
1203,949,2270,1140,1136,1049,695,478,11600,12740,14000,16340,16950,3695,14755
1304,1076,2336,1140,1110,1076,716,478,11590,12780,13910,16310,16930,3749,14536
1063,823,2303,1140,1057,1104,716,478,11890,13290,14460,16820,17280,3615,15509
1089,791,2537,1140,1136,1076,738,478,11890,13220,14450,16750,17240,4231,15315
1152,838,2437,1140,1136,1104,738,533,11280,12470,13570,16010,16630,4097,14210
1291,1091,1869,1140,1057,1104,760,552,10670,11840,12900,15250,15710,2410,12635
1089,854,1769,1140,1004,1076,933,570,10320,11320,12350,14710,15420,2919,13033
1136,947,2231,1165,1133,1101,671,422,11840,13260,14430,16730,17280,2751,18346
1314,963,2498,1165,1160,1074,693,422,11540,12870,14110,16340,16810,3313,17722
1212,836,2697,1165,1134,1129,693,422,11420,12700,13910,16200,16900,4648,17248
1288,1041,2364,1165,1160,1074,693,422,11620,12960,14170,16480,17080,3232,17812
1200,1041,2464,1165,1160,1156,650,440,11680,12930,14090,16550,17070,3019,18021
1263,994,2364,1165,1186,1046,671,440,11620,12880,13990,16400,16960,3339,17904
1339,963,2564,1165,1134,1074,671,440,11650,12870,14070,16320,16900,3713,17852
1162,978,2331,1165,1107,1019,714,440,11650,12850,14110,16390,17000,2778,17982
1174,915,2331,1165,1107,1019,628,459,11150,12310,13450,15700,16380,3927,17032
1200,963,2297,1165,1134,1046,650,459,11600,12890,14100,16400,16960,3339,17935
1174,852,2364,1165,1107,991,693,459,11410,12740,13940,16240,16720,3713,17626
1111,868,2364,1165,1107,1184,714,459,11600,12850,14100,16370,16970,3900,17934
1023,962,1931,1165,1081,1074,714,459,11730,13010,14030,16540,17090,2083,17690
1137,899,2397,1165,1134,1101,714,459,12000,13320,14610,16780,17360,3419,18736
1301,978,2564,1165,1213,1129,714,459,11830,13260,14420,16650,17160,3312,18246
1111,805,2597,1165,1160,1101,714,459,11650,12790,13930,16240,16870,3846,18106
1162,836,2497,1165,1160,1101,714,459,11570,12850,13990,16310,16940,3579,17974
1200,899,2497,1165,1265,1156,736,459,11680,12950,14080,16420,17020,3820,18019
1250,994,1965,1165,1107,1019,650,477,11500,12810,14060,16310,16820,2565,17450
1225,931,2464,1165,1134,1129,693,477,11220,12500,13720,15940,16550,3927,17114
1351,1073,2031,1165,1107,1046,736,477,11380,12620,13870,16020,16640,3153,17248
1187,994,2464,1165,1160,1101,736,477,11530,12760,13970,16290,16910,3205,17816
1339,1026,1998,1165,1054,1046,671,495,11070,12340,13460,15700,16240,2778,16693
1225,900,1798,1165,1081,1074,671,569,11080,12200,13420,15690,16350,2645,16833
1328,1091,2335,1167,1109,1021,694,459,11650,12980,14190,16440,16930,3667,14537
1126,869,2202,1167,1109,1076,716,459,11870,13200,14370,16670,17230,2703,15214
1215,996,2469,1167,1136,1103,694,478,11980,13160,14420,16750,17300,3533,15327
1215,933,2369,1167,1109,1048,716,478,11890,13170,14370,16600,17200,3586,15217
1278,1217,2335,1167,1188,1159,738,478,11980,13240,14480,16810,17380,2783,15019
1177,901,2235,1167,1083,1021,694,496,11710,13030,14210,16440,16980,3586,14947
1202,1012,2302,1167,1188,1131,759,515,12080,13570,14950,17110,17620,2783,15504
1417,1296,2335,1167,1162,1159,781,551,10800,11990,13100,15300,15860,3265,12697
1379,1186,2268,1167,1188,1131,781,551,10900,11960,13040,15340,15900,3105,13022
1569,1391,1902,1167,1136,1103,781,570,11180,12210,13160,15570,16270,2944,13028
1152,902,2503,1168,1136,1132,738,441,12370,13810,15160,17420,17820,3802,16190
1165,886,2470,1168,1163,1076,673,478,11680,12860,14140,16400,17020,3642,15001
1127,870,2437,1168,1136,1076,695,478,11460,12640,13780,16100,16750,4231,14475
1241,981,2336,1168,1110,1049,695,496,11160,12330,13460,15700,16240,3856,13865
1241,933,2403,1168,1163,1104,716,496,10870,12060,13140,15380,16030,4311,13260
1177,933,2503,1168,1189,1159,738,496,11470,12660,13850,16190,16830,3535,14595
1608,1392,1869,1168,1136,1076,716,533,10440,11350,12340,14780,15460,2624,11770
1152,933,2437,1168,1189,1104,738,533,11570,12770,13840,16200,16790,3240,14863
1137,852,2431,1193,1160,1102,671,422,11630,12880,14200,16400,16930,3473,18107
1200,836,2564,1193,1160,1101,714,422,11240,12560,13800,16130,16510,3793,17301
1351,978,2331,1193,1160,1046,671,440,11650,12830,14030,16410,17000,3553,17868
1301,963,2564,1193,1160,1129,693,440,11620,12900,14120,16310,16850,3767,17804
1124,947,2431,1193,1239,1102,715,440,11990,13390,14680,16950,17460,3313,18702
1124,836,2331,1193,1134,1046,693,459,11170,12330,13480,15830,16480,4247,17066
1440,1073,2364,1193,1134,1074,715,459,11610,13000,14140,16390,16880,4114,17497
1124,884,2397,1193,1186,1129,736,459,11720,13010,14180,16520,17050,3365,18270
1048,899,2297,1193,1212,1129,736,459,11920,13270,14480,16740,17310,2831,18636
1023,773,1931,1193,1160,1074,671,477,11030,12090,13140,15520,16130,2404,16824
1238,947,2397,1193,1134,1101,714,477,11240,12430,13660,15880,16370,3473,17249
1200,963,2497,1193,1160,1101,714,477,11440,12700,13860,16190,16780,4087,17445
1086,884,2364,1193,1160,1101,736,477,11690,12960,14140,16450,16990,2911,18257
1402,1042,2331,1193,1213,1129,693,495,11400,12590,13820,16010,16690,3874,17241
1389,1168,2064,1193,1081,1074,693,514,11440,12650,13850,16250,16830,2938,17171
1276,978,2331,1193,1160,1129,715,514,11330,12530,13700,15900,16460,3954,17227
1364,1073,2464,1193,1186,1184,801,550,11360,12700,13890,16090,16640,3740,17194
1278,996,2669,1195,1188,1103,672,404,12280,13590,14850,17000,17570,3934,15723
1303,1107,2235,1195,1188,1103,738,496,11860,13220,14570,16670,17140,2971,14918
1303,1091,2335,1195,1162,1159,759,496,11780,12980,14250,16480,17030,3319,14835
1341,1122,2469,1195,1136,1159,694,515,11390,12550,13750,16010,16600,3854,13978
1354,1154,2202,1195,1241,1159,781,515,11400,12710,13830,16070,16620,2543,13868
1683,1533,2068,1195,1109,1241,824,551,10710,11700,12880,15190,15810,3238,11942
1392,1170,2369,1195,1162,1131,694,570,10530,11550,12820,14880,15480,3881,12347
1241,886,2804,1196,1216,1187,716,460,12190,13610,14920,17150,17700,4392,15632
1418,1139,2403,1196,1189,1132,738,533,11400,12620,13750,16050,16630,3776,14059
1165,949,1702,1196,1163,1187,977,570,10410,11330,12360,14740,15400,2115,12256
1263,1057,2531,1220,1160,1129,714,422,11520,12850,13970,16270,16810,3152,17642
1263,962,2663,1220,1212,1129,736,440,11700,12950,14110,16470,17000,3472,18047
1263,899,2730,1220,1265,1212,779,440,11550,12870,14130,16350,16910,4408,17551
1187,1057,2297,1220,1133,1101,671,459,11280,12540,13620,16040,16640,2938,17291
1238,899,2564,1220,1186,1156,714,459,11390,12690,13850,16170,16700,3847,17469
1061,899,2397,1220,1239,1156,736,459,11720,13000,14190,16500,17090,2778,18251
1149,947,2464,1220,1186,1156,758,459,11540,12770,13990,16260,16850,2858,17872
1124,994,2397,1220,1186,1156,758,459,11690,12880,14150,16450,16990,2938,18190
1149,836,2530,1220,1212,1101,693,477,11880,13260,14490,16720,17300,3739,18496
1061,836,2464,1220,1186,1129,714,477,11700,12980,14170,16440,17060,2938,18308
1275,994,2364,1220,1186,1101,714,477,11050,12250,13450,15790,16350,3659,16788
1187,899,2564,1220,1186,1156,736,477,11500,12670,13760,16110,16800,4087,17626
1111,915,2464,1220,1212,1156,736,477,11630,12860,13940,16400,17010,2885,18107
1124,1026,2697,1220,1239,1212,758,477,11720,12940,14100,16620,17140,3286,18140
1263,1057,2264,1220,1186,1156,758,477,11530,12770,13940,16240,16900,3152,17660
1073,852,2131,1220,1107,1129,736,495,12080,13520,14770,17090,17520,2618,18790
1452,1310,1998,1220,1107,1129,758,495,11350,12670,13770,16080,16600,2725,16726
1338,1120,2497,1220,1186,1101,758,495,11630,12800,13980,16280,16860,3526,17701
1440,1231,2164,1220,1213,1129,736,514,11440,12660,13870,16170,16640,3232,17081
1364,1120,2064,1220,1160,1074,714,532,11250,12430,13580,15880,16400,3019,16928
1238,963,2364,1220,1265,1184,758,532,11590,12880,14090,16330,16890,3553,17842
1187,994,2031,1220,1213,1212,844,532,11070,12250,13470,15810,16420,2164,16381
1200,931,1898,1220,1107,1156,736,550,10890,12040,13080,15430,16050,2698,16541
1200,947,2498,1221,1213,1074,671,404,11670,13070,14280,16490,17010,3420,18057
1200,931,2398,1221,1160,1102,693,459,11740,13000,14260,16500,17000,3046,18249
1364,1073,2464,1221,1239,1129,736,459,11560,12930,14110,16290,16780,3179,17558
1377,1168,2198,1221,1134,1102,758,477,12070,13550,14810,16980,17490,3153,18356
1389,1152,1965,1221,1213,1102,693,514,11080,12290,13380,15640,16320,2698,16486
1189,964,2502,1223,1188,1103,738,478,11930,13220,14430,16760,17380,3479,15298
1101,791,2336,1223,1083,1076,695,496,11610,12740,13850,16340,16880,4499,14657
1341,1122,2168,1223,1188,1131,803,496,11680,12960,14210,16420,16960,3131,14548
1253,949,2469,1223,1162,1159,738,515,11650,12870,14130,16480,17060,3640,14733
1164,964,2302,1223,1162,1103,738,551,11770,13110,14370,16620,17110,2596,14862
1354,1107,2469,1223,1268,1159,738,551,11150,12350,13540,15690,16240,3586,13627
1203,1028,2537,1223,1268,1187,781,552,11950,13130,14440,16720,17280,3374,15386
1127,838,2470,1223,1163,1132,781,552,11860,13010,14200,16600,17160,3722,15374
1379,1107,2502,1223,1162,1131,781,606,11290,12560,13710,15990,16500,4309,13663
1203,902,2603,1223,1163,1187,803,625,12250,13650,14860,17100,17550,4472,15708
1392,1217,1902,1223,1268,1186,889,662,10650,11550,12560,14960,15740,2355,12292
1266,886,2503,1223,1136,1021,673,919,11360,12460,13660,16020,16680,4713,13948
1099,931,2397,1248,1212,1156,714,422,11670,12970,14090,16530,17120,2858,18164
1440,1168,2464,1248,1265,1101,693,459,11070,12370,13510,15800,16330,3713,16516
1276,994,2398,1248,1186,1102,693,459,11800,13070,14320,16670,17040,3233,18203
1200,978,2497,1248,1186,1156,714,459,11570,12660,13920,16280,16880,3179,17904
1351,1010,2697,1248,1213,1184,736,459,11550,13000,14180,16380,16870,3927,17556
1124,915,2197,1248,1160,1129,736,459,11700,12980,14150,16510,17010,2591,17999
1250,899,2564,1248,1186,1129,714,477,11510,12570,13860,16130,16660,4194,17577
1313,1136,2497,1248,1265,1156,736,477,11460,12700,13910,16210,16790,3339,17400
1200,868,2730,1248,1318,1239,736,477,11780,12990,14250,16600,17120,3793,18240
1225,963,2397,1248,1265,1184,779,477,11730,13080,14270,16590,17210,3339,18155
1200,884,2464,1248,1213,1184,693,495,11510,12750,13980,16230,16870,3660,17773
1238,915,2531,1248,1186,1157,715,495,11280,12560,13690,15970,16530,4515,17011
1238,1136,2198,1248,1213,1212,758,495,11710,13140,14420,16650,17130,2271,17510
1213,915,2498,1248,1239,1129,758,495,11500,12780,14020,16350,16880,3660,17715
1136,899,2497,1248,1239,1184,779,495,11520,12770,13920,16210,16810,2965,17948
1288,1262,2064,1248,1160,1101,779,495,11690,13090,14190,16690,17180,2564,17581
1263,978,1931,1248,1134,1129,714,514,10880,12050,13150,15520,16140,2751,16480
1465,1136,2397,1248,1160,1211,736,514,11220,12460,13570,15820,16410,3846,16788
1389,1136,1998,1248,1186,1184,780,532,10890,11980,13160,15570,16100,2805,16186
1225,978,1798,1248,1134,1184,780,532,11130,12410,13600,15810,16280,2405,16681
1202,964,1801,1250,1056,993,694,404,10510,11520,12500,14870,15520,2195,12203
1265,933,2535,1250,1136,1076,716,459,12030,13310,14480,16860,17460,4443,15176
1227,933,2569,1250,1215,1159,716,459,11220,12290,13370,15950,16430,3854,13931
1240,996,2469,1250,1215,1131,738,496,11270,12480,13660,15890,16470,3693,13992
1291,1075,2535,1250,1215,1214,781,496,11970,13230,14460,16800,17360,3747,15128
1189,1012,2435,1250,1241,1241,803,496,12420,13860,15230,17390,17840,3105,16210
1328,1122,2602,1250,1241,1186,781,515,12210,13570,14860,17130,17630,3560,15540
1265,1122,2469,1250,1241,1214,781,515,11980,13170,14390,16690,17180,3372,15208
1278,949,2469,1250,1188,1131,738,533,11050,12130,13310,15530,16170,3854,13581
1189,933,2369,1250,1188,1131,759,533,11190,12440,13600,15800,16370,3640,13957
1303,1028,2569,1250,1188,1186,781,533,11580,12780,14030,16310,16850,3693,14483
1442,1233,2435,1250,1268,1241,803,570,12050,13230,14410,16750,17240,3640,15007
1316,1107,2502,1250,1241,1241,824,570,11710,12880,14140,16370,16900,3560,14663
1493,1281,2569,1250,1215,1214,846,570,10890,12090,13250,15360,15890,4255,12720
1404,1186,2435,1250,1188,1214,803,606,10740,11800,12900,15090,15620,3720,12745
1354,1296,2235,1250,1215,1186,803,606,11890,13180,14370,16880,17360,2248,14420
1506,1360,2302,1250,1188,1241,846,606,10240,11420,12470,14600,15040,3078,11946
1203,949,2770,1251,1242,1159,738,478,12190,13530,14850,17130,17710,3829,15781
1253,996,2503,1251,1216,1132,781,478,11780,12990,14170,16480,17030,3695,15002
1266,949,2637,1251,1268,1187,760,496,11270,12510,13670,15940,16530,4097,14014
1279,1012,2670,1251,1216,1214,781,496,12150,13600,14860,17190,17630,3883,15586
1266,1107,2704,1251,1242,1214,803,515,12340,13730,15070,17240,17760,3401,15964
1241,1107,2637,1251,1268,1242,803,515,12180,13580,14830,17140,17620,3133,15707
1177,949,2470,1251,1216,1214,781,533,11940,13340,14620,16900,17280,3374,15465
1152,854,2637,1251,1216,1187,760,552,11520,12740,13920,16260,16860,4525,14418
1456,1250,2170,1251,1216,1159,760,588,10650,11710,12780,15020,15580,3106,12501
1329,1091,2003,1251,1242,1270,890,625,11000,12090,13070,15450,16080,2651,13380
1478,1168,2531,1276,1265,1156,758,459,11280,12580,13750,16020,16600,4007,16817
1212,947,2630,1276,1186,1156,758,459,11410,12550,13780,16100,16760,3873,17462
1162,915,2364,1276,1186,1184,779,459,11600,12860,14000,16410,17000,3018,18067
1073,899,2397,1276,1239,1184,801,459,12070,13460,14630,16940,17480,2938,18941
1364,1026,2630,1276,1239,1184,801,459,11740,13060,14420,16490,17030,4060,17837
1351,1105,2631,1276,1266,1212,801,459,11470,12820,13910,16320,16920,3714,17373
1124,900,1965,1276,1160,1129,715,477,11520,13010,14200,16410,16920,2191,17335
1276,963,2531,1276,1292,1184,758,477,11310,12580,13790,15970,16480,3500,17331
1250,915,2564,1276,1266,1212,758,477,11840,13220,14400,16620,17080,3527,18341
1301,1089,2530,1276,1239,1211,758,477,11100,12190,13330,15770,16370,3365,16821
1313,978,2630,1276,1265,1184,779,477,11630,12930,14110,16400,16920,4007,17732
1162,931,2697,1276,1318,1239,779,477,11850,13140,14330,16760,17400,3419,18419
1225,1057,2564,1276,1292,1184,779,477,11460,12730,13910,16210,16770,3205,17594
1212,978,2530,1276,1212,1239,801,477,11480,12660,13880,16210,16770,3285,17709
1427,1105,2664,1276,1292,1239,823,477,11470,12760,13960,16210,16780,4114,17220
1503,1152,2598,1276,1292,1184,780,495,11570,12830,14080,16390,16890,3981,17348
1212,978,2730,1276,1265,1266,801,495,11620,12840,14010,16360,16970,3953,17784
1440,1089,2697,1276,1292,1212,758,514,11600,12750,14110,16330,16880,4488,17351
1275,1231,2331,1276,1265,1294,801,514,12060,13390,14690,17030,17500,3045,18401
1389,1183,1898,1276,1212,1184,823,514,10910,11940,13050,15500,16160,2671,16141
1288,1136,1965,1276,1239,1294,844,514,11890,13350,14490,16930,17410,2030,17545
1377,1184,2398,1276,1239,1184,780,532,11590,12880,14180,16470,17010,3313,17495
1326,1152,1998,1276,1186,1239,823,532,10930,12100,13200,15520,16050,2591,16279
1402,1105,2697,1276,1318,1212,823,532,11570,12830,14060,16290,16840,4195,17390
1263,931,2431,1276,1318,1184,780,587,11580,12820,14010,16260,16860,3767,17786
1328,1091,2569,1278,1188,1186,781,496,11590,12710,13990,16220,16860,3934,14355
1404,1296,2602,1278,1321,1241,846,515,11880,13130,14390,16670,17200,3292,14661
1126,869,2369,1278,1241,1186,824,533,11910,13200,14440,16630,17160,3907,15280
1227,1170,2635,1278,1347,1214,868,533,11960,13190,14260,16680,17260,3024,15151
1139,822,2569,1278,1241,1159,759,570,11570,12810,13940,16330,16870,4684,14346
1594,1486,2035,1278,1321,1352,1020,790,10980,12110,13170,15650,16300,2275,12331
1203,949,2737,1279,1295,1297,825,533,12240,13640,14980,17260,17720,3936,15841
1101,1012,2403,1279,1242,1187,781,570,11620,12770,13850,16230,16940,2624,14753
1317,1107,2537,1279,1216,1159,825,570,11410,12670,13760,16160,16860,4284,14020
1338,1041,2697,1303,1292,1266,758,477,11350,12540,13790,16090,16500,3900,17179
1212,931,2597,1303,1239,1239,779,477,11740,13080,14250,16560,17070,3633,18138
1237,1041,2564,1303,1265,1211,779,477,11560,12840,14030,16290,16920,3392,17747
1174,1010,2530,1303,1265,1239,823,495,11940,13260,14510,16810,17380,2805,18496
1237,1073,2564,1303,1292,1266,844,495,11570,12740,13930,16240,16840,3018,17734
1414,1136,2930,1303,1397,1322,844,495,11660,12930,14200,16460,17010,3846,17612
1237,1136,2530,1303,1292,1294,801,532,11440,12730,13880,16240,16750,2992,17430
1250,1183,2497,1303,1292,1266,801,532,11480,12760,13940,16240,16830,2805,17400
1200,915,2664,1304,1292,1239,758,477,11520,12790,14000,16300,16910,3793,17722
1402,1199,2664,1304,1318,1212,780,477,11640,13040,14330,16520,16980,3179,17518
1617,1247,2697,1304,1266,1212,736,495,11560,12860,14110,16330,16830,4542,17007
1516,1247,2598,1304,1266,1212,758,495,11500,12710,13940,16150,16670,3714,17111
1339,1120,2797,1304,1318,1294,779,495,11650,12990,14220,16460,16970,3713,17688
1414,1120,2597,1304,1292,1267,779,495,11580,12880,14170,16390,16890,4034,17432
1099,868,2031,1304,1345,1157,801,495,10890,12060,13190,15450,16110,2137,16195
1238,978,2630,1304,1213,1184,779,514,11420,12710,13970,16210,16760,3954,17410
1288,978,2764,1304,1292,1184,779,514,11590,12790,14020,16290,16880,3927,17696
1314,915,2731,1304,1266,1239,780,514,11570,12720,13930,16200,16550,4729,17375
1414,1183,2697,1304,1292,1267,801,532,11990,13430,14800,16990,17390,3873,18150
1275,963,2331,1304,1213,1129,758,550,11250,12500,13730,15960,16500,3419,17244
1351,1152,2198,1304,1213,1212,779,569,11320,12570,13780,16100,16610,2832,17004
1240,949,2502,1306,1215,1214,781,496,12040,13200,14440,16800,17420,3479,15484
1240,964,2635,1306,1294,1186,781,496,12610,14060,15510,17630,17940,3720,16430
1189,1028,2335,1306,1241,1186,824,515,12690,14170,15530,17770,18250,2810,16626
1164,1075,2635,1306,1347,1352,868,533,12810,14210,15480,17770,18310,3212,16846
1759,1597,2335,1306,1268,1407,1020,662,10810,11890,12980,15350,16070,3426,11987
1304,1044,2537,1307,1216,1242,825,515,11770,12980,14250,16420,16940,3669,14914
1241,886,2637,1307,1268,1214,803,552,11380,12510,13710,16120,16710,4525,14100
1241,949,2503,1307,1242,1187,781,570,11330,12530,13740,16080,16690,3963,14174
1342,1186,2503,1307,1295,1270,825,625,11740,12980,14210,16430,16930,3374,14715
1275,1089,2664,1331,1265,1267,779,459,11810,13130,14500,16740,17230,3473,18106
1275,1010,2597,1331,1344,1239,801,477,11490,12730,13870,16220,16810,3472,17613
1364,1073,2930,1331,1318,1294,823,477,11820,13070,14490,16650,17130,3580,18060
1376,1073,2764,1331,1292,1267,801,495,11570,12950,14150,16410,16790,3820,17543
1452,1215,2697,1331,1292,1266,801,495,11680,12910,14150,16500,17090,3499,17539
1187,994,2497,1331,1344,1267,801,495,11840,13090,14290,16720,17230,3312,18347
1136,994,2464,1331,1292,1266,844,514,11990,13360,14570,16920,17400,2911,18707
1351,1120,2297,1331,1265,1184,801,532,10990,12210,13310,15690,16240,2885,16454
1225,1026,2697,1331,1397,1267,823,532,11810,13160,14280,16680,17230,3526,18186
1073,899,2464,1331,1371,1294,888,532,11770,13090,14220,16570,17180,2724,18288
1389,1136,2031,1331,1213,1349,866,605,11060,12340,13480,15650,16200,2591,16438
1376,1136,2264,1331,1318,1349,909,624,10950,12210,13350,15630,16110,3232,16384
1339,1073,2731,1332,1292,1239,758,459,11660,12980,14270,16470,17040,3821,17726
1604,1199,2997,1332,1345,1294,780,514,11420,12710,14030,16240,16910,4916,16687
1554,1231,2498,1332,1292,1212,823,569,11340,12540,13760,15990,16570,3981,16795
1541,1278,2231,1332,1345,1294,866,605,11070,12220,13320,15690,16190,3046,16202
1291,1186,2569,1334,1268,1352,824,478,12240,13670,15020,17310,17670,3560,15550
1328,1186,2736,1334,1321,1297,868,533,11340,12690,13880,16170,16610,3720,13867
1303,1186,2702,1334,1321,1269,824,551,12420,13800,15220,17350,17860,3693,15832
1366,1217,2669,1334,1294,1324,868,551,11210,12420,13600,15750,16270,3560,13608
1139,1028,2669,1334,1347,1269,846,570,12510,13910,15030,17340,17990,2810,16352
1379,1249,2535,1334,1321,1352,911,588,12100,13300,14680,17030,17530,3212,15131
1328,1122,2569,1334,1321,1297,889,625,12490,13840,15200,17450,17970,3265,16040
1152,949,2603,1335,1321,1297,846,515,12410,13840,15190,17380,17810,3267,16351
1367,1123,2704,1335,1321,1270,825,533,11600,12880,14140,16450,17040,3856,14441
1291,996,2670,1335,1295,1242,825,533,11370,12660,13820,16070,16630,4017,14154
1291,1107,2570,1335,1268,1214,846,533,11780,13210,14430,16640,17030,3213,14924
1253,949,2670,1335,1268,1297,825,570,11430,12690,13860,16280,16860,4124,14301
1443,1360,2437,1335,1321,1242,868,570,11740,12990,14170,16430,16860,2838,14316
1355,1170,2036,1335,1321,1270,868,570,11270,12370,13460,15780,16450,2437,13639
1342,1028,2670,1335,1321,1242,868,588,11490,12570,13870,16150,16800,4418,14190
1405,1218,2470,1335,1348,1270,890,607,11000,11960,12880,15450,16110,3535,13276
1250,1152,2530,1359,1318,1294,801,477,11940,13290,14550,16720,17220,2965,18291
1339,1105,2797,1359,1345,1294,801,495,11890,13240,14600,16750,17280,3233,18160
1238,1089,2597,1359,1344,1267,801,495,11810,13060,14290,16540,17050,3232,18176
1275,1136,2730,1359,1344,1267,801,495,11560,12870,14040,16420,16890,3286,17628
1288,963,2664,1359,1344,1267,801,495,11810,13230,14430,16740,17170,3740,18160
1225,994,2730,1359,1371,1294,844,495,11600,12880,14120,16430,17010,3072,17897
1275,1010,2564,1359,1318,1239,801,514,11400,12530,13860,16130,16570,3393,17471
1376,1199,2597,1359,1292,1239,823,514,11400,12660,13840,16240,16800,3499,17152
1642,1468,2664,1359,1266,1239,823,514,11400,12800,14050,16310,16870,4355,16541
1212,899,2663,1359,1292,1322,866,514,11710,13040,14200,16590,17100,3579,18131
1452,1152,2731,1359,1345,1267,780,532,11730,13170,14380,16530,16930,3981,17664
1516,1310,2531,1359,1266,1267,823,532,11610,12890,14170,16410,16890,3767,17246
1225,1026,2131,1359,1292,1239,823,532,10910,11990,13090,15400,15980,2645,16462
1478,1168,2830,1359,1292,1349,779,550,11950,13420,14830,16870,17260,4034,18015
1288,1073,2265,1359,1266,1267,823,550,12020,13460,14780,16900,17350,2485,18242
1541,1168,2797,1359,1345,1294,845,550,11710,13150,14410,16650,17160,4275,17478
1174,915,2264,1359,1239,1266,888,550,10930,12100,13120,15560,16110,3098,16851
1414,1168,2664,1359,1344,1322,866,569,11100,12300,13530,15770,16130,3580,16598
1629,1452,2265,1359,1397,1377,996,587,10960,12100,13200,15500,16120,2966,15695
1440,1152,2065,1359,1292,1267,888,605,11070,12320,13490,15710,16320,2698,16396
1215,1075,2702,1362,1321,1269,889,515,12970,14510,15900,18040,18530,3640,16998
1304,1139,2871,1362,1348,1325,846,533,11820,13170,14360,16610,17120,4070,14795
1657,1692,2702,1362,1321,1297,868,533,12790,14360,15620,17890,18130,3800,15613
1404,1281,2669,1362,1321,1379,911,551,12150,13500,14720,17200,17700,3453,15178
1380,1107,2503,1362,1374,1325,846,552,11410,12550,13740,16040,16590,3588,14165
1291,1123,2804,1362,1374,1380,868,552,11950,13360,14580,16930,17380,3615,15177
1215,1060,2670,1362,1295,1270,825,570,11830,13100,14290,16700,17270,3454,15110
1165,996,2670,1362,1348,1270,868,570,11480,12530,13690,16090,16660,3802,14481
1227,1233,2602,1362,1347,1435,954,570,11600,12890,14040,16440,16890,2783,14394
1291,1044,2637,1362,1295,1214,803,588,11390,12600,13730,16230,16740,4472,14006
1266,996,2437,1362,1268,1242,803,588,12090,13330,14710,17130,17680,3160,15628
1063,838,2003,1362,1268,1159,825,588,11380,12430,13540,15820,16370,2517,14368
1101,1107,2369,1362,1373,1324,911,588,12970,14580,15990,18130,18490,1954,16424
1253,996,2236,1362,1321,1270,890,607,10910,12020,13070,15430,15990,2731,13418
1101,1012,2470,1362,1401,1297,912,607,12090,13380,14660,17020,17620,2330,15353
1480,1328,2635,1362,1373,1379,889,625,11220,12340,13620,15790,16330,3212,13328
1670,1423,2535,1362,1373,1324,911,625,11130,12220,13310,15640,16220,3934,12878
1202,1107,2635,1362,1373,1297,889,643,12480,13780,15060,17310,17870,2810,16153
1241,1028,2670,1362,1453,1297,933,662,11400,12520,13780,16050,16580,3776,14270
1200,994,2597,1387,1318,1294,866,495,11130,12290,13460,15880,16390,3018,17081
1162,978,2731,1387,1371,1294,866,495,11670,12950,14130,16480,17040,3393,18052
1250,1120,2697,1387,1397,1322,823,514,11770,13070,14180,16570,17130,3045,18030
1490,1278,1965,1387,1239,1267,823,514,10910,12020,13220,15490,16090,2618,15884
1263,1168,2564,1387,1371,1322,844,514,12060,13350,14570,16950,17460,2885,18458
1326,1089,2797,1387,1397,1349,866,514,12080,13490,14730,16990,17460,3579,18537
1351,1183,2630,1387,1397,1349,888,514,11770,12940,14150,16500,17000,3125,17832
1465,1184,2697,1387,1345,1294,780,532,11970,13420,14710,16920,17310,3634,18083
1212,1041,2564,1387,1344,1349,909,532,11850,13180,14300,16630,17200,2751,18241
1490,1278,2297,1387,1371,1267,844,550,11270,12500,13590,15970,16520,2965,16616
1705,1657,2430,1387,1397,1349,931,550,11330,12510,13630,16120,16690,2938,16052
1301,1073,1965,1387,1186,1157,736,569,11210,12450,13660,15910,16380,2458,16749
1440,1231,2298,1387,1371,1239,823,587,11880,13250,14640,16770,17100,2618,17750
1402,1215,2031,1387,1239,1294,866,587,10880,12020,13090,15450,16020,2698,16042
1354,1296,2535,1389,1347,1379,911,533,11990,13360,14550,17020,17550,2971,14884
1341,1012,2535,1389,1321,1297,824,570,11240,12390,13420,15860,16450,4068,13762
1582,1344,2435,1389,1400,1490,1041,643,10510,11400,12570,14890,15380,3479,11931
1304,1107,2704,1390,1348,1297,933,515,12240,13630,14930,17210,17680,3695,15687
1430,1344,2837,1390,1374,1325,890,533,11860,13170,14380,16600,17080,3588,14665
1481,1234,2637,1390,1348,1352,890,607,10850,12000,13160,15390,15940,4258,12801
1405,1250,2603,1390,1401,1325,933,625,11390,12690,13760,16020,16530,3320,13929
2025,1835,2036,1390,1216,1297,955,644,10780,11900,12950,15350,15960,3561,11494
1684,1439,2136,1390,1348,1380,955,662,10200,11160,12070,14410,15050,2892,11692
2177,2040,2170,1390,1295,1490,998,717,10880,12010,13220,15670,16220,3374,11276
1376,1199,2830,1414,1423,1349,909,495,11440,12720,13800,16260,16910,3846,17173
1338,1136,2763,1414,1397,1322,866,514,11740,12980,14080,16510,17140,3339,17869
1301,1294,2630,1414,1344,1322,888,514,11600,12930,14030,16430,16990,3232,17497
1187,1041,2797,1414,1450,1377,909,514,11920,13200,14470,16800,17310,3045,18475
1351,1152,2797,1414,1397,1349,888,532,11830,13160,14420,16760,17180,3205,17983
1174,1026,2697,1414,1423,1377,888,532,12100,13410,14650,16980,17430,2751,18736
1288,1089,2897,1414,1476,1404,866,550,11850,13110,14350,16620,17070,3365,18189
1035,884,2464,1414,1318,1459,866,550,11700,13060,14180,16590,17090,1790,17354
1212,1073,2530,1414,1371,1377,909,550,11900,13240,14560,16830,17430,2778,18323
1566,1404,2164,1414,1423,1404,1017,569,11310,12490,13600,15880,16550,2671,16386
1591,1404,2331,1414,1450,1349,953,605,11010,12080,13180,15520,16140,3365,15946
1932,1767,2331,1414,1423,1404,1017,605,11070,12080,13270,15670,16250,3446,15279
1452,1152,2531,1415,1371,1267,845,532,11320,12500,13600,15880,16460,3821,16968
1288,1057,2730,1415,1344,1322,866,532,11960,13350,14560,16910,17470,3553,18381
1478,1105,2931,1415,1397,1322,866,550,11420,12660,13950,16140,16710,4569,16966
1389,1183,2231,1415,1344,1267,909,550,11240,12470,13440,16030,16590,2458,16665
1617,1357,2764,1415,1345,1322,866,569,11410,12680,13970,16100,16560,3981,16715
1427,1184,2298,1415,1371,1294,823,587,11080,12300,13510,15710,16260,2752,16412
1591,1389,2098,1415,1371,1267,909,587,11180,12380,13560,15810,16390,2538,16093
1326,1105,2497,1415,1318,1459,909,587,11320,12560,13740,16140,16680,3019,17124
1417,1186,2535,1417,1373,1407,911,533,11780,13190,14310,16690,17110,3854,14574
1304,1076,2971,1418,1401,1380,868,552,12420,13850,15230,17360,17830,4043,15948
1215,949,2770,1418,1348,1325,803,570,12280,13610,15020,17190,17620,3936,15906
1317,1076,2937,1418,1374,1408,890,570,11440,12640,13820,16150,16790,4311,14098
1190,933,2737,1418,1453,1325,868,607,11130,12210,13410,15670,16230,4258,13772
1203,965,2704,1418,1427,1380,890,625,11860,13100,14300,16680,17270,3561,15242
2063,1851,2303,1418,1401,1352,998,717,10070,11120,12210,14360,14870,3240,10885
1187,1010,2430,1442,1397,1322,844,514,12380,13800,15040,17420,17780,2618,19131
1364,1183,2730,1442,1423,1404,909,514,11680,12940,14140,16440,17030,3152,17656
1389,1136,2764,1442,1424,1322,866,532,11730,13110,14310,16530,17030,3687,17795
1149,1041,2597,1442,1397,1404,888,532,11970,13330,14470,16790,17360,2724,18498
1237,1168,2697,1442,1397,1404,909,532,11760,13030,14250,16630,17120,3526,17942
1503,1262,2464,1442,1397,1322,888,550,11210,12370,13520,15750,16220,3499,16578
1237,1231,2763,1442,1502,1459,931,550,11920,13260,14380,16790,17330,2911,18182
1351,1073,2864,1442,1423,1377,844,569,11560,12840,14060,16320,16850,4007,17487
1402,1183,2231,1442,1397,1377,953,569,10610,11610,12780,15060,15810,2751,15603
1427,1231,2331,1442,1450,1322,931,587,10870,11950,13100,15460,16070,2805,15998
1566,1310,2331,1442,1397,1322,888,624,10980,12150,13290,15570,16160,3233,16004
1654,1515,2264,1442,1423,1404,996,679,10700,11800,12870,15190,15770,2938,15125
1253,1107,2869,1445,1479,1407,911,625,11430,12510,13600,15980,16480,3720,14152
1518,1296,2535,1445,1453,1352,954,625,11120,12320,13480,15830,16220,3345,13146
2113,1929,2602,1445,1479,1545,1020,698,11060,12140,13270,15580,16190,4015,11738
1291,1028,2837,1446,1374,1325,846,552,11670,13020,14160,16450,16960,4365,14559
1329,981,2804,1446,1427,1352,912,607,11450,12600,13740,16110,16640,4686,14038
1582,1297,2770,1446,1453,1408,933,607,11350,12680,13950,16130,16560,4552,13494
1380,1218,2704,1446,1453,1380,955,625,12220,13690,15040,17380,17780,3454,15501
1734,1550,2403,1446,1427,1380,933,662,10770,11800,12860,15180,15800,3428,12092
1532,1344,1969,1446,1295,1408,1020,735,10510,11470,12550,15090,15720,2544,11916
1440,1152,2864,1470,1450,1349,845,495,11880,13340,14620,16830,17180,3794,17992
1263,1010,2897,1470,1450,1349,866,514,12040,13580,14870,16970,17450,3660,18560
1528,1262,2963,1470,1503,1404,931,514,11700,12940,14140,16500,16910,3767,17441
1364,1310,2931,1470,1556,1432,953,514,11740,13050,14330,16540,17010,3099,17626
1478,1231,2764,1470,1424,1349,909,532,11800,13120,14450,16630,17120,3500,17704
1263,963,2997,1470,1503,1514,953,532,10950,12150,13350,15570,16200,3713,16633
1313,1073,2764,1470,1423,1349,866,587,11820,13190,14330,16790,17200,3580,18092
1415,1105,2797,1470,1424,1349,888,587,11600,12920,14200,16360,16810,4114,17461
1528,1231,2897,1470,1397,1377,888,587,10740,11990,13140,15150,15580,4969,15458
1478,1136,2764,1470,1397,1377,888,587,11190,12360,13540,15850,16460,4408,16569
1692,1530,2430,1470,1423,1322,953,587,11360,12550,13630,15970,16550,3205,16298
1553,1357,2597,1470,1476,1542,1018,642,11270,12440,13710,16060,16550,3019,16460
1806,1562,2464,1470,1529,1542,1061,642,10890,11970,13030,15460,16040,3580,15323
1544,1217,2969,1473,1453,1435,976,570,11920,13290,14640,16910,17320,4389,14571
1354,1170,3002,1473,1453,1462,954,625,12650,14210,15560,17690,18130,3800,16205
1835,1660,2302,1473,1558,1435,976,680,10160,10970,11960,14330,15010,3212,11243
1481,1139,2937,1474,1453,1380,890,588,11650,12910,14110,16410,16890,5248,13919
1215,1060,3004,1474,1427,1435,912,588,12340,13670,14950,17280,17770,3963,15891
1203,1155,2603,1474,1506,1463,998,607,12490,13890,15110,17420,17860,2464,16012
1317,1123,1936,1474,1295,1187,803,625,10670,11750,12830,15090,15550,2356,12546
1392,1107,2837,1474,1480,1463,977,644,10370,11260,12240,14640,15320,4231,12356
1494,1455,2971,1474,1453,1463,977,680,12190,13550,14820,17210,17710,4284,14977
1439,1467,2730,1498,1450,1459,953,532,11660,12950,14090,16470,17030,3259,17240
1516,1199,2664,1498,1450,1322,823,550,10690,11890,12980,15300,15950,3847,15704
1692,1389,2864,1498,1503,1377,888,550,11520,12820,14100,16350,16770,3981,16788
1629,1436,2897,1498,1556,1432,909,550,11290,12680,13820,16130,16590,3660,16394
1440,1247,2897,1498,1476,1404,953,569,12020,13460,14700,17090,17600,3419,18129
1402,1199,2697,1498,1476,1377,866,587,12400,13880,15280,17380,17800,3553,18921
1528,1278,2831,1498,1476,1432,931,587,11410,12650,13780,16090,16700,4301,16826
1351,1183,2763,1498,1529,1459,1017,587,11740,13040,14220,16570,17060,2992,17758
1566,1263,2831,1498,1476,1460,931,624,11600,12930,14110,16390,16820,3794,17213
1705,1452,2697,1498,1555,1514,1061,660,10910,11870,12970,15390,16060,3552,15592
2050,1850,2235,1501,1558,1297,933,588,10920,12080,13140,15430,16020,3479,11593
1329,1265,2904,1501,1453,1518,998,607,12130,13490,14760,17150,17690,3535,15355
1203,1155,2603,1501,1453,1463,1020,607,12290,13850,15160,17410,17740,2330,15534
1405,1186,2871,1501,1506,1573,1042,625,11570,12740,14020,16390,16850,3936,14279
1531,1328,3069,1501,1505,1517,976,643,12420,13640,15030,17290,17800,4041,15467
1860,1755,2936,1501,1453,1517,998,643,11550,12800,14170,16430,16880,3667,13063
1898,1692,2769,1501,1532,1462,1085,698,11300,12410,13600,15730,16340,3988,12646
1174,1010,2830,1525,1529,1432,953,532,11890,13100,14370,16700,17200,3045,18473
1591,1357,2930,1525,1529,1432,909,550,11240,12400,13620,15860,16320,3793,16438
1578,1751,2697,1525,1423,1377,974,569,11670,12980,14100,16590,17070,2858,16718
1439,1278,2730,1525,1555,1487,974,569,11030,12200,13270,15570,16250,3125,16281
1301,1246,2996,1525,1529,1487,1039,569,11720,12960,14080,16620,17180,3472,17768
1389,1089,3031,1526,1503,1405,888,514,11990,13430,14760,16960,17400,3473,18309
1339,1120,2764,1526,1476,1432,909,569,11850,13210,14610,16770,17260,3687,18055
1907,1547,2964,1526,1529,1405,931,569,11340,12540,13720,16060,16620,4462,16045
1591,1168,3197,1526,1529,1460,953,587,11750,13080,14420,16570,17160,4809,17358
1478,1215,2864,1526,1503,1432,909,605,11440,12510,13680,16040,16670,4088,17033
1389,1152,2731,1526,1556,1405,953,605,11690,12970,14220,16480,17010,3740,17692
1478,1215,2764,1526,1476,1460,931,624,12000,13300,14630,16820,17310,3126,18039
1364,1120,3130,1526,1556,1432,974,624,11640,12890,14120,16440,16960,3740,17649
1958,1752,2464,1526,1556,1542,1018,660,10740,11730,12920,15260,15900,3286,14647
1480,1360,2736,1528,1479,1490,1020,606,11530,12840,13960,16390,16880,3453,13880
1506,1233,2969,1528,1558,1462,954,643,11860,13050,14150,16400,17050,3934,14589
2126,1976,2435,1528,1505,1572,1215,845,11110,12170,13180,15520,16080,3479,11725
2315,2166,2302,1528,1558,1545,1193,882,10700,11610,12560,15100,15790,3292,10563
1266,1234,3037,1529,1559,1490,955,607,12530,14090,15470,17620,18070,2812,16116
1443,1155,2770,1529,1453,1435,998,662,10980,12070,13230,15630,16250,4124,13175
1203,1091,2904,1529,1559,1435,1020,662,12080,13230,14420,16740,17380,2812,15548
1823,1629,2937,1529,1533,1463,1020,680,12470,13960,15420,17670,17990,4043,15003
1377,1073,3031,1553,1556,1460,931,532,11580,13010,14170,16380,16880,3767,17575
1250,1183,2830,1553,1555,1487,996,550,12400,13750,15040,17380,17900,2965,19086
1541,1278,3097,1553,1556,1487,931,569,11540,12740,14110,16360,16850,4141,17100
1717,1467,2664,1553,1503,1487,974,569,10900,12060,13230,15480,16100,3767,15556
1364,1310,2930,1553,1529,1514,1017,569,12130,13490,14720,17100,17580,3499,18371
1389,1373,2996,1553,1582,1542,1039,569,11450,12550,13800,16140,16840,3205,17020
1478,1278,2431,1553,1503,1405,888,587,11200,12430,13610,15880,16430,2832,16479
1389,1373,2464,1553,1529,1514,996,587,11910,13300,14450,16940,17590,2217,17556
1541,1405,3064,1553,1503,1515,996,587,11780,13060,14330,16580,17080,3447,17405
1301,1199,2397,1553,1476,1514,1017,587,11560,12790,14010,16370,16880,2217,17095
1515,1310,2597,1553,1608,1377,888,605,11520,12820,14090,16400,16870,3366,17059
1844,1578,2963,1553,1555,1514,1039,605,11070,12320,13560,15780,16300,3793,15601
1389,1325,2930,1553,1555,1542,1039,605,11440,12610,13790,16090,16590,3098,17036
1667,1499,2964,1553,1556,1542,996,624,11410,12720,13950,16100,16560,3821,16507
1579,1310,2931,1553,1529,1542,996,642,11720,13130,14450,16660,17030,4168,17363
1392,1249,2902,1556,1532,1545,1063,643,11860,13150,14470,16830,17180,4015,14623
2151,2087,2535,1556,1585,1490,1063,680,10860,12020,13160,15530,15930,2890,11028
1721,1549,3036,1556,1453,1517,998,698,11740,13060,14210,16450,16950,3961,13789
1544,1344,3036,1556,1505,1490,998,698,10800,12050,13130,15330,15800,4122,12506
1480,1423,2936,1556,1532,1517,1063,717,12200,13440,14720,17090,17660,3453,15023
1607,1328,2602,1556,1690,1435,1063,753,10660,11590,12700,15050,15690,3800,12203
1506,1455,3004,1557,1559,1573,1085,607,11870,13180,14320,16860,17320,4017,14471
1304,1170,3104,1557,1559,1463,977,625,12560,14030,15440,17530,17940,3428,16264
1405,1344,2904,1557,1559,1546,1020,644,12240,13810,15200,17280,17650,3347,15365
1481,1518,2937,1557,1612,1601,1107,680,11750,12990,14320,16570,17070,3454,14216
1452,1468,2864,1581,1503,1570,1039,550,12100,13630,14910,17190,17550,2725,17915
1275,1231,2830,1581,1555,1542,953,569,11650,12800,14030,16420,16980,2938,17646
1389,1278,3096,1581,1634,1569,996,569,11940,13310,14500,16900,17340,3552,18030
1617,1420,3064,1581,1582,1487,953,587,11730,13070,14310,16530,17020,3794,17224
1301,1152,2730,1581,1502,1459,996,605,11880,13280,14480,16850,17360,2698,18054
1313,1120,2930,1581,1582,1597,1017,605,11830,13200,14410,16720,17180,3045,18048
1528,1420,2863,1581,1582,1569,1061,605,11220,12280,13420,15930,16410,3285,16381
1376,1136,3230,1581,1634,1597,974,624,11650,12830,14070,16430,17010,3526,17669
1591,1389,2797,1581,1529,1597,974,624,11430,12750,14010,16180,16640,3473,16728
1364,1089,3164,1581,1661,1570,996,624,11800,13220,14510,16680,17130,4008,17895
1566,1341,2797,1581,1556,1487,974,642,11930,13390,14730,16910,17340,3500,17710
1541,1325,3130,1581,1608,1569,1039,642,11500,12770,14050,16320,16950,4007,17003
1515,1231,2897,1581,1555,1569,953,660,10950,12160,13310,15580,16080,3873,16141
1566,1373,2431,1581,1555,1404,1018,660,11200,12400,13520,15900,16520,3045,16306
1591,1389,2531,1581,1503,1597,1061,660,10890,12010,13170,15630,16160,3045,15699
1869,1672,2697,1581,1555,1487,1082,697,11420,12580,13810,16190,16730,3526,16087
1531,1454,2936,1584,1532,1600,1085,643,12320,13700,14900,17290,17690,3827,15161
1619,1470,2936,1584,1558,1655,1085,662,11920,13220,14470,16870,17340,3640,14305
1430,1344,3069,1584,1611,1517,1041,680,12950,14290,15670,17920,18420,3158,16487
1430,1455,3004,1585,1559,1518,1020,644,12280,13780,15040,17420,17810,3722,15315
1810,1677,2837,1585,1586,1546,1020,644,11420,12660,13950,16190,16640,3722,13070
1405,1424,3371,1585,1586,1739,1150,644,12140,13500,14760,17010,17450,3749,15116
1962,1851,2403,1585,1638,1601,1259,827,10390,11240,12190,14710,15500,2758,10897
1680,1357,3130,1609,1582,1460,931,569,11880,13150,14480,16590,16980,4355,17476
1604,1467,2963,1609,1608,1514,1039,569,11290,12460,13560,16010,16610,3419,16376
1402,1404,2663,1609,1608,1542,1082,569,12070,13390,14540,17040,17520,2858,18028
1478,1168,3130,1609,1608,1515,953,587,12060,13400,14650,16950,17410,4328,18127
1288,1057,3163,1609,1634,1569,1017,587,12030,13430,14650,16960,17310,3873,18422
1376,1199,2864,1609,1529,1487,909,605,11870,13360,14670,16720,17140,3767,17968
1554,1326,2931,1609,1608,1515,996,605,11690,13060,14380,16560,17040,3634,17320
1338,1136,2663,1609,1555,1514,1039,605,12000,13420,14590,16950,17410,2537,18172
1642,1341,3197,1609,1608,1487,974,624,11760,13170,14410,16520,16990,4274,17325
1515,1246,2797,1609,1608,1404,996,624,10970,12090,13300,15560,16050,3552,16149
1515,1294,3163,1609,1608,1597,1018,624,11540,12810,13950,16290,16770,3927,17139
1642,1404,2830,1609,1608,1597,1083,624,10870,11930,13080,15430,16020,3847,15662
1970,1751,2597,1609,1503,1569,1104,642,11210,12510,13560,15890,16430,3553,15513
1920,1752,2831,1609,1661,1570,1148,642,11340,12510,13700,16090,16630,3821,15827
1692,1578,2797,1609,1555,1569,1082,660,10920,11920,13060,15440,16000,3713,15511
1818,1625,2630,1609,1555,1514,1083,660,11000,12170,13360,15580,16180,3473,15433
1743,1467,2997,1609,1634,1597,1104,660,10820,12030,13230,15630,16170,3847,15385
1895,1610,3197,1609,1635,1542,1039,679,11360,12640,13960,16110,16510,4996,15995
1579,1326,2231,1609,1529,1515,1039,679,10620,11670,12820,15070,15740,2645,15199
1781,1610,2598,1609,1661,1652,1191,697,10850,11930,12970,15360,15980,3260,15197
1594,1533,3203,1612,1558,1655,1106,698,12100,13510,14810,17060,17510,3800,14606
1532,1265,2470,1613,1586,1463,1107,735,9830,10740,11820,14120,14840,3053,12103
1506,1297,2670,1613,1718,1767,1172,772,10490,11380,12430,14870,15520,2919,12079
1692,1341,3097,1636,1555,1569,974,624,11400,12730,13860,16200,16750,4007,16620
1667,1562,3063,1636,1608,1514,996,642,11700,13130,14300,16580,17010,3927,16970
1818,1515,3063,1636,1634,1625,1061,642,11150,12320,13560,15850,16340,4221,15844
2071,1909,2963,1636,1661,1652,1126,642,11110,12300,13450,15770,16290,3954,15092
1604,1357,3130,1637,1635,1515,1018,569,11930,13320,14670,16780,17270,3847,17664
1831,1641,2564,1637,1608,1542,1018,624,11050,12240,13410,15590,16180,3126,15440
2160,2004,2731,1637,1687,1625,1083,642,11160,12370,13530,15860,16460,3687,14972
1831,1578,2797,1637,1661,1625,1126,642,11040,12320,13490,15710,16320,3874,15565
2185,2020,2831,1637,1582,1597,1083,660,11700,13060,14390,16520,16870,3794,15909
1604,1405,2431,1637,1529,1735,1104,679,10880,11990,13190,15480,16030,2832,15602
2223,2036,2564,1637,1714,1652,1126,697,10740,11810,12840,15200,15920,3634,14109
1895,1736,2731,1637,1687,1597,1061,734,10950,11940,13080,15380,16020,3447,15138
1617,1357,2398,1637,1582,1735,1126,771,10720,11740,12810,15230,15900,3019,15386
1455,1281,3069,1640,1664,1655,1085,625,12790,14350,15670,17980,18420,3533,16268
1317,1186,3104,1640,1665,1711,1107,625,12660,14200,15550,17840,18320,3615,16376
1696,1424,3037,1640,1691,1573,1150,644,11390,12560,13670,16120,16630,4284,13411
1670,1549,3403,1640,1637,1655,1106,698,12540,13960,15310,17650,18100,4015,15292
1747,1408,3004,1640,1612,1629,1107,717,11750,13000,14240,16690,17160,4633,13989
1190,1076,2804,1640,1718,1601,1129,735,13260,14710,16110,18250,18660,2651,17137
1579,1357,3163,1664,1582,1542,974,569,11900,13270,14620,16750,17150,3927,17644
1440,1278,3063,1664,1661,1680,1126,605,11600,12920,14170,16560,17060,4007,17301
1591,1720,3263,1664,1740,1762,1126,624,11640,12860,14080,16450,16950,3659,16792
1983,1736,3064,1664,1661,1570,1039,660,10810,12020,13120,15390,15920,4595,14815
1604,1515,2963,1664,1687,1624,1147,679,11040,12130,13200,15590,16210,3179,15848
1781,1562,2664,1664,1740,1680,1169,679,10840,11990,13170,15450,16050,3046,15189
2084,1862,2897,1664,1687,1597,1126,697,10920,11980,13180,15500,16090,4114,14786
2021,1799,2764,1664,1608,1652,1126,697,11440,12800,13780,16200,16720,3794,15841
2097,1846,2697,1664,1740,1735,1148,697,10890,12050,13140,15540,16100,3634,14705
1642,1436,2664,1664,1687,1652,1169,715,10730,11760,12840,15200,15860,3366,15345
2135,1973,2598,1664,1687,1707,1148,789,11110,12220,13450,15810,16370,3286,14890
1910,1897,2769,1667,1664,1710,1150,643,12300,13860,15210,17390,17750,3131,14144
1645,1565,2802,1667,1690,1628,1128,680,11490,12730,13910,16310,16820,2837,13285
1797,1581,2936,1667,1770,1628,1128,680,11310,12370,13510,15830,16430,3827,12888
1645,1628,3469,1667,1637,1710,1193,717,12420,13840,15170,17510,17910,3747,15022
1342,1439,3071,1668,1691,1684,1150,644,12390,13840,15090,17450,17860,3106,15597
1696,1787,3004,1668,1638,1684,1129,699,11850,13340,14510,16820,17190,3561,13864
1557,1281,2570,1668,1691,1684,1150,772,10460,11480,12560,15020,15700,4017,12127
1490,1310,3197,1692,1687,1515,996,569,11860,13300,14700,16790,17260,3527,17717
1629,1752,3064,1692,1740,1707,1169,605,11320,12500,13660,16130,16740,3634,16134
1717,1609,2963,1692,1661,1652,1147,660,11220,12420,13560,15960,16390,3552,15977
1604,1263,3230,1692,1714,1652,1061,679,11730,13180,14510,16660,17060,4382,17352
1679,1467,2630,1692,1661,1569,1104,679,10930,11980,12970,15370,16050,3259,15611
1225,947,2997,1692,1661,1652,1126,679,11160,12310,13420,15780,16490,4114,16936
1667,1499,2531,1692,1582,1763,1191,697,10580,11570,12550,15040,15820,2912,14902
2273,2020,2664,1692,1714,1707,1169,734,11280,12340,13620,15800,16380,3660,15043
2084,1846,2831,1692,1661,1680,1126,752,10630,11690,12780,14980,15500,4008,14276
1392,1312,3203,1695,1690,1683,1085,606,12260,13900,15340,17450,17760,2971,15300
1619,1439,3103,1695,1664,1655,1085,680,11840,13110,14310,16760,17280,4041,14204
1418,1376,3104,1696,1691,1656,1150,680,11920,13270,14650,16960,17380,3749,14761
1351,1168,3096,1719,1661,1624,1039,605,11710,12990,14150,16500,17010,3312,17762
1301,1089,3163,1720,1740,1680,1169,605,11840,13130,14310,16830,17310,3633,18105
1907,1768,3031,1720,1766,1625,1148,624,11330,12670,13860,16130,16500,3660,15798
1743,1609,3330,1720,1766,1680,1061,642,11830,13130,14450,16640,17060,4728,17009
1692,1515,2464,1720,1634,1542,1039,660,10950,12050,13160,15520,16060,2805,15494
1983,1736,3164,1720,1740,1680,1126,660,11050,12290,13410,15700,16210,4034,15255
1415,1184,3397,1720,1740,1625,1083,679,11690,12920,14150,16490,17000,3981,17580
1667,1436,3064,1720,1661,1597,1039,697,11590,13030,14310,16450,16800,3954,16897
2008,1862,2831,1720,1793,1707,1213,697,11030,12140,13230,15590,16220,3634,15044
1806,1547,2931,1720,1714,1597,1126,715,11060,12260,13490,15740,16320,4515,15655
2021,1799,2731,1720,1714,1680,1126,715,10960,12040,13200,15460,16020,3233,14912
2400,2194,2764,1720,1740,1735,1148,715,10870,12080,13270,15510,15940,4034,14029
2252,2071,2802,1723,1717,1710,1258,753,10050,10990,12020,14320,14940,3613,10409
2062,1929,3069,1723,1717,1738,1236,827,11690,12980,14140,16440,17060,3827,12921
1619,1470,2702,1723,1770,1848,1280,900,10800,11710,12790,15200,15930,3238,12248
1443,1487,2937,1724,1665,1684,1150,644,11860,13200,14380,16850,17350,3160,14463
1506,1360,3138,1724,1691,1739,1129,662,12210,13630,14920,17230,17600,3829,15189
1317,1582,2937,1724,1718,1822,1281,717,12280,13670,15020,17240,17710,2705,15213
1818,1562,3030,1747,1819,1790,1212,660,11890,13200,14460,16750,17240,4060,17131
1439,1420,3030,1747,1766,1790,1147,679,11940,13290,14490,16920,17410,2751,17700
2248,2083,2797,1747,1740,1762,1234,697,10540,11520,12560,14990,15670,4007,13704
1844,1641,2897,1747,1740,1735,1191,715,10770,11900,13070,15400,15970,3526,14978
1705,1467,3163,1747,1713,1790,1191,715,11290,12660,13940,16170,16570,3793,16275
1616,1483,2597,1747,1713,1790,1256,715,10730,11770,12910,15310,16040,2911,15255
1907,1767,2763,1747,1713,1762,1212,734,11060,12210,13320,15650,16250,2938,15202
2248,2067,3063,1747,1793,1790,1212,734,10900,11990,13100,15490,16030,4060,14370
1793,1594,2764,1747,1687,1735,1169,752,10830,11940,13050,15300,15930,3339,15173
2172,2051,2764,1747,1661,1707,1212,752,10770,11940,13040,15450,16090,3767,14218
1642,1436,2697,1747,1871,1735,1212,752,10860,11940,13000,15370,15960,3018,15526
1945,1767,2664,1747,1661,1790,1212,770,10990,12210,13240,15530,16140,3259,15093
1528,1341,3430,1748,1819,1680,1104,587,11870,13330,14600,16890,17330,3634,17661
1692,1499,3031,1748,1766,1680,1104,660,12210,13670,14980,17160,17520,4141,17920
1768,1578,2531,1748,1635,1542,1104,679,10790,11760,12920,15200,15680,3072,15104
1945,1799,2797,1748,1740,1680,1126,679,11220,12480,13610,16000,16430,3420,15499
1657,1533,3336,1751,1796,1710,1193,717,11810,13170,14260,16500,16910,3479,13983
1518,1328,2569,1751,1690,1738,1345,864,9780,10710,11730,14220,14880,2462,11806
1861,1677,3037,1752,1850,1656,1129,735,11430,12600,13790,16150,16700,3963,13038
1756,1483,3064,1775,1766,1625,1061,697,10880,12140,13260,15600,16150,3981,15464
1655,1405,3330,1775,1793,1707,1104,697,11120,12360,13430,15770,16360,4248,16095
1553,1388,3329,1775,1766,1735,1169,697,11930,13210,14450,16790,17160,3900,17698
2046,1878,3097,1775,1819,1790,1256,697,11050,12170,13320,15610,16200,3687,15026
2033,1831,3197,1775,1793,1790,1169,715,11020,12260,13470,15760,16240,3847,15044
2071,1925,2730,1775,1872,1845,1321,770,10730,11800,12930,15290,15880,3152,14302
2399,2256,2697,1775,1819,1900,1277,789,10800,11900,12980,15370,16060,3606,13810
2968,2809,2831,1775,1846,1928,1343,862,10750,11780,12940,15350,16030,4275,12920
1405,1756,3304,1779,1718,1794,1237,644,13140,14530,15790,18150,18480,3320,16320
1468,1392,3238,1779,1744,1739,1194,699,11270,12590,13770,16050,16450,3722,13511
1709,1518,3204,1779,1744,1711,1194,754,11240,12360,13580,15880,16340,4338,13030
2139,1993,2904,1779,1770,1767,1281,864,10890,11870,13010,15390,15990,3776,11428
1932,1815,3296,1803,1819,1845,1234,679,11440,12720,13940,16300,16720,3767,15928
1869,1673,3031,1803,1898,1790,1213,715,10850,12030,13240,15630,16140,3447,15051
1629,1452,3364,1803,1898,1818,1169,734,11520,12770,13950,16530,17060,4355,16780
2223,2067,2831,1803,1846,1790,1343,734,10910,12040,13150,15500,16080,3740,14396
2097,1957,3297,1803,1819,1873,1234,752,10980,12120,13250,15690,16270,3927,14782
2185,2004,2664,1803,1793,1680,1213,771,10780,11790,13000,15300,15910,3607,14252
1948,1818,3203,1806,1902,1821,1236,772,11100,12130,13230,15510,16220,3640,12084
1810,2025,3138,1807,1797,1849,1237,717,11800,13260,14480,16800,17110,3535,13402
1658,1598,3138,1807,1850,1849,1302,772,11920,13280,14630,16880,17370,3428,14211
2134,1972,2797,1830,1871,1790,1212,752,10850,11910,12930,15330,15930,3526,14457
1856,1688,2763,1830,1871,1845,1299,789,10750,11790,12880,15260,15820,3098,14818
2323,2146,3296,1830,2030,2148,1580,917,10820,11800,12880,15310,15950,4327,14074
2134,1925,3296,1831,1845,1900,1299,697,10710,11780,12920,15310,15870,4194,14292
1970,1783,3330,1831,1872,1790,1213,734,11400,12730,14070,16280,16620,4275,15856
1856,1704,2897,1831,1924,1790,1234,734,11060,12090,13280,15630,16270,3847,15446
1932,1752,3230,1831,1819,1873,1234,752,10840,11950,13110,15510,16090,4088,14921
2059,1815,3164,1831,1846,1818,1256,771,11080,12360,13650,15940,16350,4141,15148
2235,2067,2664,1831,1898,1817,1342,789,10770,11780,12980,15310,15990,3499,14104
2412,2209,2897,1831,1846,1818,1364,789,10530,11570,12650,15130,15870,4034,13389
2008,1815,3064,1831,1872,1983,1364,844,10550,11550,12600,15030,15680,3553,14218
2315,2134,3002,1834,1954,1848,1323,864,10670,11670,12710,15110,15870,4389,10623
1646,1692,3204,1835,1823,1849,1302,680,12440,13820,15160,17270,17750,3106,15024
1962,1803,2737,1835,1744,1849,1259,827,10830,11940,13070,15320,15940,3294,11654
1427,1657,3196,1858,1792,1762,1212,624,11730,13110,14310,16670,17180,3072,17168
1389,1341,3163,1858,1819,1790,1191,660,11800,13130,14350,16750,17250,3125,17671
1503,1215,3463,1858,1872,1790,1126,679,11930,13360,14630,16860,17350,3927,17937
1920,1815,3430,1858,1898,1872,1256,697,11240,12470,13650,15980,16560,4141,15596
2336,2178,2797,1858,1898,2038,1451,807,10730,11780,12860,15200,15830,3553,13821
1680,1389,3463,1859,1793,1763,1061,697,11770,13170,14510,16660,17190,4408,17244
2033,1894,2864,1859,1898,1873,1278,697,10950,12180,13360,15600,16220,3313,14801
1730,1515,2931,1859,1925,1818,1234,734,10540,11470,12590,15060,15620,3447,14820
2084,1878,3064,1859,1925,1928,1321,771,10820,11960,13010,15370,15910,3847,14580
1680,1499,2964,1859,1951,1845,1278,807,10800,11900,13050,15370,16060,3099,15319
2391,2356,2802,1862,1954,1876,1453,992,10120,10950,11960,14320,15040,3319,9945
2139,2025,3037,1863,1850,1794,1324,827,10940,12030,13170,15550,16170,3669,11478
2253,2104,2904,1863,1823,1794,1281,846,10630,11570,12780,15190,15870,3749,10724
1768,1594,3264,1886,1872,1790,1191,715,11450,12670,13900,16310,16760,3794,16360
1692,1546,2963,1886,1924,1790,1234,715,11150,12280,13340,15670,16210,3152,15895
1882,1625,3063,1886,1819,2010,1429,752,11090,12270,13510,15730,16320,3740,15541
2387,2193,3229,1886,1898,1927,1299,825,10660,11700,12790,15250,15770,4007,13665
2311,2114,3063,1886,2003,2010,1451,880,10600,11570,12590,15030,15680,3686,13690
1784,1881,3503,1890,1849,1904,1345,772,12650,14170,15460,17750,18130,3640,15011
1582,1550,3271,1891,1903,1877,1346,809,11880,13200,14450,16930,17290,3990,14311
2228,2120,3238,1891,1955,1794,1302,827,11090,12060,13150,15460,16010,3749,11565
1987,1961,3271,1891,1903,1932,1367,827,11140,12540,13800,16160,16660,3829,12086
2071,1862,3230,1914,1925,1900,1321,771,10680,11700,12790,15280,15810,3847,14357
2602,2367,2864,1914,1951,1955,1343,844,10560,11680,12680,14880,15460,3847,13082
2500,2398,3097,1914,2056,2065,1494,880,10570,11480,12640,14990,15700,3873,13181
2273,2130,3196,1941,1951,2010,1429,862,10370,11340,12350,14880,15490,3926,13556
2135,1988,3197,1942,1898,1900,1299,734,10670,11770,12910,15310,15870,3767,14141
2122,1893,2930,1942,2003,1927,1364,789,10710,11840,12940,15200,15860,3339,14270
2303,2150,2869,1945,1902,2014,1432,882,11080,12060,13140,15410,15930,3774,11337
3150,3130,3069,1945,2060,2097,1584,1048,10320,11390,12400,14680,15380,3854,8823
1894,1704,3629,1969,1924,1900,1234,734,11410,12740,13990,16250,16660,4621,16025
2235,2083,3263,1969,1951,1872,1321,770,10800,11870,12950,15330,15950,3846,14178
2563,2430,3196,1969,2003,1927,1364,770,10510,11470,12390,14840,15590,3846,12975
1970,1783,3063,1969,1977,1982,1386,807,10780,11930,13060,15340,15940,3579,14711
1995,1862,3130,1969,1951,2010,1407,844,10880,11920,13100,15530,16090,3339,14755
2374,2146,3130,1969,2056,2148,1451,862,10400,11390,12450,14890,15590,4301,13443
2665,2525,3064,1970,1951,2038,1321,862,10890,11980,13180,15530,16190,3874,13467
1709,1550,3638,1974,1955,1849,1281,754,11700,13000,14170,16310,16730,4124,13832
1831,1688,2897,1997,2003,1817,1299,770,10940,12070,13130,15380,15870,2992,15170
1642,1530,3229,1997,2056,1900,1342,770,11010,12110,13260,15790,16210,3072,15710
2071,1862,3463,1997,2109,1955,1321,771,10880,11950,13020,15410,15880,3981,14724
2261,2115,2931,1997,1977,1873,1364,789,10890,12070,13120,15480,16050,3580,14256
2564,2430,2963,1997,1951,1927,1407,807,10660,11710,12770,15170,15820,3606,13220
2185,1972,3296,1997,1872,2065,1386,844,10950,12120,13340,15630,16160,4221,14623
2349,2162,3330,1997,2056,1983,1407,844,10940,12070,13230,15570,16010,4007,14239
1958,1768,3230,1997,2030,2010,1408,862,10490,11420,12550,15010,15540,4034,14264
2829,2651,3064,1997,1898,2065,1473,862,10860,11990,13130,15450,16140,3954,13135
2505,2387,3236,2001,1981,2152,1670,1103,10190,11160,12200,14690,15390,3613,9835
2506,2373,2904,2002,2061,2015,1519,938,9810,10780,11730,13900,14500,3642,9950
1478,1326,3497,2025,2030,1900,1213,679,12380,14040,15370,17550,17880,3126,18610
2172,2020,3130,2025,2030,1872,1364,752,10790,11930,12980,15290,15920,3740,14282
2260,2130,3163,2025,2056,1927,1321,770,10770,11790,12920,15320,15900,4007,14060
2122,2051,3163,2025,2003,1983,1299,789,10810,11820,13010,15340,15880,3686,14341
2122,1941,2963,2025,2003,1955,1407,825,10590,11540,12580,15020,15590,3713,14053
1733,1613,3169,2029,2034,1986,1410,845,10730,11690,12790,15200,15860,3105,11812
2720,2514,3303,2029,2113,2014,1497,882,10680,11640,12690,15140,15870,4336,9864
1743,1515,3263,2052,2188,2368,1386,825,10650,11570,12690,15090,15720,3206,14971
2172,2020,3529,2052,2056,2230,1472,844,10370,11360,12430,14910,15650,4381,13782
2437,2351,3396,2052,2135,2120,1537,844,10750,11800,12830,15180,15820,4007,13625
2791,2619,3163,2052,2083,1983,1472,880,10850,11940,13130,15560,16210,4167,13197
2160,2004,3397,2053,2030,1928,1364,752,10970,12150,13310,15680,16170,3607,14622
1970,1736,2931,2053,2083,1983,1386,844,10910,11950,13000,15390,15880,3206,14940
2494,2341,3071,2057,2167,1794,1367,919,10720,11840,12980,15260,15830,3910,10414
1768,1799,3862,2080,2162,2065,1407,770,11540,12910,14040,16550,17060,4221,16330
2198,1973,3064,2081,2162,2010,1473,844,10350,11390,12440,14820,15460,3767,13778
2652,2446,3031,2081,2136,1955,1473,899,10780,11830,12900,15250,15810,4088,13368
2476,2273,2997,2081,2109,2148,1516,899,10320,11270,12340,14760,15450,3634,13176
2665,2478,3230,2081,2215,2231,1624,972,10310,11290,12350,14820,15490,4168,12826
2261,2020,3264,2108,2109,2065,1473,881,10970,12190,13390,15710,16300,4114,14528
2172,2114,3163,2108,2214,2120,1559,899,10630,11710,12770,15170,15770,3179,13828
2538,2398,3229,2108,2240,2203,1645,917,10490,11420,12410,14960,15710,3766,13006
2075,2039,3436,2112,2192,2097,1475,919,11580,12730,13850,16630,17220,3613,12585
2291,2262,3138,2113,2061,2125,1541,901,10350,11360,12440,14820,15580,3535,10276
2899,2831,3371,2113,2114,2153,1563,956,10500,11590,12670,15120,15580,4204,9352
2450,2241,3130,2136,2056,2175,1516,862,10250,11320,12460,14800,15490,3686,13239
2677,2635,3296,2136,2109,2203,1624,935,10640,11650,12680,15120,15770,3954,12910
2341,2245,3503,2140,2192,2179,1605,974,10910,11970,13010,15610,16230,4015,10917
2058,1909,3829,2163,2162,2175,1429,789,11010,12070,13290,15690,16230,4221,14933
2210,2083,3429,2163,2267,2092,1472,807,10530,11510,12480,14990,15590,3633,13702
1882,1673,3164,2164,2188,2093,1537,881,10780,11910,13010,15380,16020,3473,14913
2791,2620,3264,2164,2215,2231,1624,954,10670,11820,12970,15300,15820,4195,12876
2804,2683,3130,2164,2188,2121,1602,991,10460,11430,12420,14890,15510,4141,12510
1528,1672,3329,2191,2214,2175,1472,789,11960,13110,14300,16810,17310,3018,17419
1856,1815,3862,2191,2162,2093,1407,825,12080,13420,14730,17030,17460,3580,17156
2702,2619,3463,2191,2214,2368,1645,935,10560,11540,12650,15060,15800,4354,12812
2589,2415,3530,2219,2267,2176,1559,844,10750,11800,12860,15270,15900,4435,13417
2387,2241,3497,2219,2188,2121,1516,881,10810,11800,12870,15330,16010,4008,13889
2538,2477,3396,2219,2267,2230,1602,917,10650,11720,12810,15140,15680,3873,13212
2051,1835,3805,2224,2220,2153,1454,901,10800,11850,13180,15400,15970,5034,11495
3063,2958,3371,2224,2299,2153,1628,993,10430,11490,12530,14840,15330,4204,9235
2614,2304,3596,2247,2162,2148,1516,880,10620,11690,12890,15160,15740,4995,13413
2576,2477,3529,2247,2372,2230,1602,917,10730,11770,12860,15260,15820,4194,13333
2892,2793,3597,2247,2347,2313,1689,972,10500,11570,12580,15130,15770,4275,12509
1629,1956,3429,2274,2293,2285,1537,770,12330,13770,15110,17410,17790,2965,17663
1894,1783,4029,2274,2241,2258,1472,844,11130,12360,13560,16010,16430,4408,15455
2134,2020,3496,2274,2530,2285,1710,972,10660,11750,12750,15120,15760,4140,14112
2854,2809,3397,2275,2399,2313,1732,917,10280,11210,12250,14720,15450,4328,12552
2665,2525,3230,2275,2215,2286,1624,954,10710,11830,12900,15260,15880,3981,13150
2690,2620,3497,2275,2373,2396,1711,954,10470,11310,12490,15070,15810,3927,12656
2210,2036,3530,2302,2426,2451,1667,936,10630,11640,12680,15060,15710,3634,13926
2760,2736,3939,2308,2352,2401,1606,919,10480,11410,12480,14950,15620,4151,9418
2993,2841,3497,2330,2399,2368,1689,972,10460,11490,12500,15060,15680,4408,12524
2513,2446,3662,2330,2267,2478,1840,1045,10280,11130,12180,14730,15460,4007,13007
2513,2351,3529,2358,2399,2396,1754,972,10560,11660,12760,15140,15710,4141,13208
2652,2541,3530,2358,2399,2313,1667,1009,10590,11540,12720,15040,15650,3847,12923
2488,2335,3729,2358,2531,2533,1840,1046,10250,11220,12140,14770,15550,4114,13141
2948,2893,3536,2362,2456,2400,1800,1084,10520,11460,12570,15100,15780,4282,9290
3006,2856,3663,2386,2426,2423,1754,954,10390,11350,12400,14910,15550,4595,12617
3006,2904,3563,2386,2505,2423,1797,1046,10520,11480,12650,15100,15760,4328,12487
1646,1724,3672,2391,2484,2512,1823,975,12200,13690,15070,17470,17710,2812,14498
2577,2636,4096,2413,2478,2341,1689,899,10920,12060,13100,15390,15910,4889,13798
3132,3046,3630,2413,2584,2451,1776,991,10410,11350,12480,14890,15570,4248,12302
3094,3045,3563,2413,2504,2506,1819,1064,10180,11190,12320,14690,15380,4221,12302
3183,3062,3463,2441,2557,2534,1927,1101,10420,11360,12370,14870,15560,4248,12275
2955,2903,3729,2468,2636,2451,1819,1009,10780,12080,13170,15540,16120,4301,12962
2715,2619,3563,2468,2531,2506,1840,1064,10180,11110,12130,14640,15350,3980,12634
3176,3035,3870,2501,2773,2455,1887,1029,10250,11360,12280,14680,15260,4470,9214
3081,2998,3862,2524,2636,2588,1927,1027,10370,11380,12410,15040,15610,4328,12386
2988,2800,3638,2530,2563,2512,1910,1140,10520,11330,12310,14830,15640,4043,9262
2930,2762,3663,2580,2689,2644,1927,1119,10060,11010,11960,14330,15060,4114,12408
2657,2482,4103,2584,2773,2566,1909,1176,10200,11070,12090,14700,15300,4737,9782
3107,3061,4096,2607,2715,2726,1905,1027,10320,11280,12380,14850,15500,4568,12489
3037,3020,4203,2668,2773,2786,2017,1231,10550,11560,12700,15050,15550,4523,9399
3157,3093,4329,2690,2821,2726,1927,1119,10130,11050,12060,14620,15310,4808,12587
